"feature","selection_frequency","mean_coefficient","sd_coefficient","is_stable"
"AT4G10250",1,0.723079121893531,0.237609828153243,TRUE
"AT3G07365",1,0.827794107946522,0.285464272555699,TRUE
"AT2G14247",1,-0.363778374479997,0.198219867731389,TRUE
"AT4G01390",1,-0.818882385926471,0.168141382310299,TRUE
"AT4G30170",0.983333333333333,0.438365749308878,0.177507229285623,TRUE
"AT5G56080",0.983333333333333,-0.312779791861931,0.151354116484473,TRUE
"AT1G26240",0.983333333333333,-0.301967301902696,0.139276951963791,TRUE
"AT4G10510",0.983333333333333,-0.311481980668501,0.13735938358352,TRUE
"AT3G56970",0.95,-0.242272655097569,0.192942357338757,TRUE
"AT3G21370",0.95,-0.268538776143753,0.162132278363887,TRUE
"AT1G07400",0.933333333333333,0.197953022448154,0.15701922308142,TRUE
"AT1G08090",0.933333333333333,-0.230315095712082,0.132860560667207,TRUE
"AT1G70260",0.883333333333333,-0.263340865264557,0.198949710911385,TRUE
"AT3G55290",0.883333333333333,-0.234980580465528,0.17075925241479,TRUE
"AT1G52560",0.866666666666667,0.298551028762012,0.191263706234259,TRUE
"AT3G02535",0.866666666666667,0.321866543746943,0.186225228669734,TRUE
"AT3G49970",0.85,0.188661512545954,0.150126402925635,TRUE
"AT1G54970",0.833333333333333,0.253760116521487,0.2076818322627,TRUE
"AT1G29090",0.833333333333333,-0.162029590072679,0.128419043482331,TRUE
"AT2G29500",0.816666666666667,0.197655504978516,0.130545685481849,TRUE
"AT4G22690",0.816666666666667,0.26928986654913,0.194804488183985,TRUE
"AT3G22060",0.8,-0.18190676377099,0.161521124954194,TRUE
"AT2G41850",0.783333333333333,-0.262674350994933,0.205967902833577,TRUE
"AT1G24575",0.766666666666667,-0.212104219498966,0.203134534729414,TRUE
"AT1G53540",0.75,0.227077929470142,0.194431319363952,TRUE
"AT3G26280",0.75,-0.11813484237195,0.124402119639912,TRUE
"AT3G14260",0.75,-0.154548700940947,0.159998151741337,TRUE
"AT4G11210",0.75,-0.247901091388603,0.203767501302257,TRUE
"AT1G80315",0.75,0.156616554065341,0.143320665180771,TRUE
"AT1G77950",0.75,-0.157520795843586,0.146966881329557,TRUE
"AT5G63195",0.733333333333333,-0.147732049255695,0.137270094705709,TRUE
"AT1G54050",0.716666666666667,0.166390684316993,0.223968075208194,TRUE
"AT5G57540",0.716666666666667,0.136928443210013,0.147875178790308,TRUE
"AT5G48570",0.7,0.106476618728503,0.0992365128408679,TRUE
"AT3G05727",0.683333333333333,0.119233813489951,0.114099969027079,TRUE
"AT4G22517",0.683333333333333,0.0688880005522959,0.0757481572752751,TRUE
"AT1G64370",0.683333333333333,-0.121048930612789,0.124762043660153,TRUE
"AT4G09420",0.683333333333333,-0.10869628029086,0.130488048709333,TRUE
"AT2G22510",0.666666666666667,-0.131645312120171,0.125737009241222,TRUE
"AT3G52720",0.666666666666667,0.106086308990498,0.12185635513741,TRUE
"AT5G59720",0.666666666666667,0.128707833428933,0.133848379899358,TRUE
"AT4G13505",0.666666666666667,-0.0935619573634032,0.108933460541233,TRUE
"AT4G22460",0.666666666666667,0.163487897661428,0.166372478120698,TRUE
"AT1G25145",0.65,-0.104547919949217,0.108060737787969,TRUE
"AT2G02990",0.65,-0.112179791547867,0.127211435644261,TRUE
"AT3G01345",0.65,0.124884664614932,0.131398769934519,TRUE
"AT2G18270",0.65,-0.124339838320669,0.151231739788055,TRUE
"AT2G38750",0.65,-0.0808729926160163,0.093470086730149,TRUE
"AT2G05510",0.633333333333333,0.122605077029906,0.132255178437983,TRUE
"AT5G50580",0.633333333333333,0.0661944322221258,0.0796603406821527,TRUE
"AT3G46230",0.616666666666667,0.0947943898533045,0.109649037056016,TRUE
"AT4G22520",0.616666666666667,0.0962737625126977,0.103150335428183,TRUE
"AT3G22830",0.616666666666667,0.11315337206501,0.129731726035041,TRUE
"AT3G57020",0.6,-0.0790744901961398,0.0944156448301399,TRUE
"AT4G19690",0.6,-0.0888767330270804,0.108442466051699,TRUE
"AT2G47530",0.6,0.102741636069767,0.119697373567753,TRUE
"AT3G01260",0.6,-0.116615799316481,0.156562233077359,TRUE
"AT5G13930",0.583333333333333,-0.0974003027798068,0.128226023268181,TRUE
"AT1G54040",0.583333333333333,-0.0917118964098122,0.101153169567441,TRUE
"AT1G80130",0.583333333333333,0.107970747840067,0.138629712019946,TRUE
"AT4G12870",0.583333333333333,0.102556123534601,0.12741790185655,TRUE
"AT2G26010",0.583333333333333,-0.0889810411130793,0.109938479417871,TRUE
"AT4G09695",0.566666666666667,-0.0786752375944816,0.101207666432342,TRUE
"AT3G21720",0.566666666666667,0.123571472670018,0.155812958219679,TRUE
"AT3G46700",0.566666666666667,-0.0815929508510182,0.0942804888643863,TRUE
"AT1G60190",0.566666666666667,0.0683808159385422,0.0830242201155227,TRUE
"AT4G11650",0.55,0.0874919038331606,0.11517557730836,TRUE
"AT2G38790",0.55,-0.093101063606219,0.151544257775186,TRUE
"AT4G27560",0.55,0.138994766209656,0.183708545758881,TRUE
"AT2G36790",0.55,-0.133383109999828,0.205614666939128,TRUE
"AT4G25200",0.533333333333333,0.0507594175190019,0.0696289280545395,TRUE
"AT5G23220",0.533333333333333,0.0587111382476042,0.0756637474199577,TRUE
"AT4G13390",0.533333333333333,0.126742234319416,0.189701415799261,TRUE
"AT3G51240",0.533333333333333,-0.175900312189827,0.213618547549976,TRUE
"AT3G44326",0.533333333333333,0.102782553304134,0.13753615884063,TRUE
"AT1G66800",0.533333333333333,-0.0811050311491849,0.109903259513615,TRUE
"AT1G51270",0.533333333333333,-0.0920229213844498,0.138141151310409,TRUE
"AT2G42540",0.516666666666667,-0.127091582517458,0.181207724034797,TRUE
"AT2G30766",0.516666666666667,-0.0727479135046809,0.103195647849359,TRUE
"AT3G29670",0.516666666666667,-0.0374228445689768,0.052679027006349,TRUE
"AT5G65800",0.516666666666667,0.0636609589008492,0.0972581295661785,TRUE
"AT2G07633",0.516666666666667,-0.0732219358032242,0.0963462798884626,TRUE
"AT1G13430",0.5,0.0509894324843641,0.0748059003703664,TRUE
"AT2G23110",0.5,0.0663806905007826,0.0865782990984221,TRUE
"AT5G38550",0.5,0.0600470835868784,0.0911475281549604,TRUE
"AT4G24140",0.483333333333333,-0.0601609399169571,0.0904298169770338,FALSE
"AT1G27565",0.483333333333333,-0.0878816305494522,0.131400976313557,FALSE
"AT1G18010",0.483333333333333,0.0743539406605591,0.106788718863686,FALSE
"AT2G43610",0.483333333333333,-0.0734029974354391,0.119468285235278,FALSE
"AT4G06810",0.483333333333333,-0.0669465861448922,0.0993614989930774,FALSE
"AT1G72140",0.483333333333333,-0.088455115840003,0.127331025943444,FALSE
"AT1G73580",0.483333333333333,0.109005454577965,0.162124063334493,FALSE
"AT4G26260",0.483333333333333,-0.0668541047701173,0.101602137664407,FALSE
"AT5G06760",0.466666666666667,0.0722923011447272,0.104565014273047,FALSE
"AT3G05950",0.466666666666667,-0.105129125540369,0.153837218075031,FALSE
"AT5G27290",0.466666666666667,0.048223764703552,0.0658917336897736,FALSE
"AT1G52040",0.466666666666667,-0.122940233052575,0.203403462641044,FALSE
"AT1G01190",0.466666666666667,-0.040553601685744,0.0626677320267559,FALSE
"AT5G47990",0.45,-0.0516820093030536,0.0838011667194655,FALSE
"AT2G21210",0.45,0.105447630760491,0.163544543410598,FALSE
"AT2G30750",0.45,-0.0756675860844833,0.136402118451181,FALSE
"AT5G12030",0.433333333333333,0.0424692513487122,0.0693638542120023,FALSE
"AT4G06805",0.433333333333333,0.0447462304320635,0.0740919675544231,FALSE
"AT1G52690",0.433333333333333,0.0516013759428924,0.0819610138336988,FALSE
"AT5G19890",0.433333333333333,0.0456088829503619,0.0764138540429763,FALSE
"AT5G42530",0.433333333333333,-0.0411598468712274,0.0711229596237459,FALSE
"AT5G28490",0.433333333333333,0.0330692418388888,0.0558568963162637,FALSE
"AT4G12500",0.416666666666667,0.0681810470016886,0.119927238279698,FALSE
"AT5G43840",0.416666666666667,-0.0655959751580852,0.102743923046805,FALSE
"AT3G26830",0.416666666666667,-0.0609693777902763,0.0903026302275416,FALSE
"AT2G02950",0.416666666666667,-0.045711533118503,0.0750260587643034,FALSE
"AT4G22470",0.416666666666667,-0.0566507426473091,0.0907122826344009,FALSE
"AT1G24260",0.4,0.0480968354097701,0.0753925793959941,FALSE
"AT5G50600",0.4,-0.0643965438465984,0.113456086906485,FALSE
"AT3G21755",0.4,0.036006318450653,0.064479946854179,FALSE
"AT1G66570",0.4,-0.0544398524507211,0.0828681817320442,FALSE
"AT1G43160",0.383333333333333,0.0642490320500188,0.10807229688514,FALSE
"AT5G15290",0.383333333333333,0.0676968005412526,0.112165580326532,FALSE
"AT1G17700",0.383333333333333,0.0429458387907275,0.0758944835889626,FALSE
"AT4G19810",0.366666666666667,-0.0267060317842106,0.0465124921465264,FALSE
"AT2G38380",0.366666666666667,-0.0343163964788002,0.0650288418600492,FALSE
"AT5G07330",0.366666666666667,0.0276163077682064,0.0634117070226192,FALSE
"AT3G56980",0.366666666666667,-0.0608310415291926,0.103227189950742,FALSE
"AT2G39330",0.366666666666667,-0.0569313298322739,0.100362516137815,FALSE
"AT1G77240",0.366666666666667,-0.0545805834008734,0.0901640011158047,FALSE
"AT4G22513",0.35,0.0289112513248436,0.0526851530348484,FALSE
"AT3G01835",0.35,0.0310270269615111,0.057057228518262,FALSE
"AT2G01520",0.35,-0.0641413510605974,0.108929260167129,FALSE
"AT1G50930",0.35,-0.0311676980748854,0.0588636855016654,FALSE
"AT2G07741",0.333333333333333,-0.0348913904113612,0.0683541046307174,FALSE
"AT3G08770",0.333333333333333,0.0546314444126217,0.112807832981974,FALSE
"AT4G06305",0.333333333333333,0.0309951178856447,0.0553868584410867,FALSE
"AT4G40090",0.333333333333333,0.0355099271730696,0.0755567665961669,FALSE
"AT4G12520",0.333333333333333,0.0358274390166233,0.0702652103122192,FALSE
"AT4G15390",0.333333333333333,0.0333012944957525,0.0630442123179102,FALSE
"AT2G43520",0.333333333333333,-0.0500464924737315,0.101614493828414,FALSE
"AT3G45680",0.333333333333333,-0.0288561147708881,0.0529358386399799,FALSE
"AT5G01490",0.333333333333333,-0.0315996833237657,0.082372518685212,FALSE
"AT2G35150",0.333333333333333,-0.0404673983761322,0.0854712813080829,FALSE
"AT4G01130",0.333333333333333,0.0577525256908393,0.101978457198191,FALSE
"AT5G63270",0.333333333333333,0.0370279765010719,0.0677472916805961,FALSE
"AT1G71000",0.333333333333333,0.0505950334134845,0.185634432598638,FALSE
"AT2G04955",0.316666666666667,0.0436023012885743,0.0745833780384038,FALSE
"AT1G52030",0.316666666666667,-0.0313915273514155,0.0675614996453578,FALSE
"AT2G09465",0.316666666666667,0.0389365890295207,0.0819114790382384,FALSE
"AT4G12170",0.316666666666667,-0.0233866939945117,0.0471917086664605,FALSE
"AT1G72910",0.316666666666667,0.0805597564063144,0.140482842213258,FALSE
"AT2G42530",0.316666666666667,-0.0527823938124946,0.098227914536996,FALSE
"AT2G23050",0.316666666666667,-0.0437985835471175,0.0811690124190878,FALSE
"AT4G32810",0.316666666666667,-0.0811670857539606,0.143952232002067,FALSE
"AT3G04210",0.316666666666667,-0.084612246237106,0.181105072051803,FALSE
"AT2G07776",0.316666666666667,-0.0373182959962831,0.0678365688455165,FALSE
"AT4G04330",0.316666666666667,-0.0495309629313631,0.0979934810801857,FALSE
"AT2G47460",0.316666666666667,-0.0477580080814381,0.0872492974672477,FALSE
"AT2G29350",0.316666666666667,-0.0347440573635689,0.0753255477926945,FALSE
"AT1G24800",0.3,0.0251416085726787,0.0587180151438604,FALSE
"AT3G13710",0.3,-0.0228760939876002,0.0535158722961293,FALSE
"AT1G50050",0.3,-0.0267176441802121,0.0617943863998658,FALSE
"AT5G40590",0.3,0.0198552884966131,0.0388535243881056,FALSE
"AT2G38240",0.3,-0.0390059062400077,0.0772178332979481,FALSE
"AT1G52410",0.3,-0.0344439615971964,0.0791312662399559,FALSE
"AT3G25770",0.283333333333333,-0.030361629783593,0.0668336828490317,FALSE
"AT4G37070",0.283333333333333,0.024508020415587,0.052082284073157,FALSE
"AT4G22475",0.283333333333333,0.0439314986859741,0.102628198446122,FALSE
"AT1G09533",0.283333333333333,0.019930201961837,0.0396625870886442,FALSE
"AT5G17700",0.283333333333333,-0.024771371295355,0.0519498986067763,FALSE
"AT4G27300",0.283333333333333,0.0305023606964495,0.0755877845279835,FALSE
"AT2G42800",0.283333333333333,0.014351975249429,0.0318889928225765,FALSE
"AT5G48010",0.266666666666667,-0.029767448591927,0.0750995511652168,FALSE
"AT1G43800",0.266666666666667,0.0528015813481912,0.113298938015376,FALSE
"AT4G33720",0.266666666666667,0.0145236003036969,0.0349502382621773,FALSE
"AT1G55240",0.266666666666667,-0.0570113354542728,0.105602046255298,FALSE
"AT1G10060",0.266666666666667,-0.0225156813228603,0.0546061863818993,FALSE
"AT4G29690",0.266666666666667,-0.0409545157592972,0.0885762887550721,FALSE
"AT1G30990",0.266666666666667,0.0398483918371366,0.0771477801230152,FALSE
"AT1G33960",0.266666666666667,0.0351740409333837,0.145139404290517,FALSE
"AT5G64120",0.266666666666667,0.0390414471146281,0.0893500535569602,FALSE
"AT1G80080",0.266666666666667,-0.0287269082072346,0.0616861091929469,FALSE
"AT3G29780",0.266666666666667,0.0332577362860502,0.0674779127652232,FALSE
"AT2G25625",0.266666666666667,-0.0299102600424014,0.0631735272749299,FALSE
"AT5G48485",0.25,-0.0306191442382929,0.0713242898833028,FALSE
"AT1G66100",0.25,-0.0264189342199209,0.0549062651961951,FALSE
"AT4G31540",0.25,-0.0305460162649702,0.0710860098770921,FALSE
"AT2G47200",0.25,0.0226110613580884,0.0464877162469774,FALSE
"AT3G21680",0.25,0.0207675286275747,0.0455829820731183,FALSE
"AT3G52740",0.25,-0.0125693260526395,0.0347412221388224,FALSE
"AT5G19790",0.25,0.0189773470339498,0.0399308531192418,FALSE
"AT5G02350",0.25,0.0288907985248016,0.0622983352958012,FALSE
"AT2G19060",0.25,-0.0369545022018069,0.0747313743073428,FALSE
"AT5G26260",0.25,-0.024690754761848,0.0630822328465301,FALSE
"AT4G11320",0.233333333333333,-0.0381400960064218,0.0818103983043667,FALSE
"AT1G03790",0.233333333333333,0.0177348112178515,0.0468599604820065,FALSE
"AT2G03855",0.233333333333333,-0.0186392383547371,0.040298298545509,FALSE
"AT3G55240",0.233333333333333,0.0234554291164017,0.0561445723729676,FALSE
"AT3G55110",0.233333333333333,0.0145408495968862,0.035909141084051,FALSE
"AT1G67870",0.233333333333333,-0.0352791882892912,0.0789079264990212,FALSE
"AT1G47400",0.233333333333333,-0.0106371313884579,0.0281187252622374,FALSE
"AT3G60415",0.233333333333333,-0.0225534597671936,0.0520231865057202,FALSE
"AT1G64160",0.233333333333333,0.0623043180066642,0.146771286297319,FALSE
"AT2G04050",0.233333333333333,-0.0206046399268603,0.0453955942512967,FALSE
"AT5G36710",0.233333333333333,0.0272583928760381,0.0996217994992842,FALSE
"AT4G13160",0.233333333333333,-0.0220253419256654,0.0627145721981618,FALSE
"AT4G37850",0.233333333333333,-0.0180842383022485,0.0435093840999576,FALSE
"AT1G48930",0.216666666666667,0.0343869205077265,0.0777193813664482,FALSE
"AT4G15680",0.216666666666667,0.0142634465047553,0.0357631771280209,FALSE
"AT5G42785",0.216666666666667,0.0198405903871934,0.0451251451270114,FALSE
"AT5G50360",0.216666666666667,0.0196431831321993,0.0475638767436944,FALSE
"AT1G06453",0.216666666666667,0.00980251374633147,0.0234767935807598,FALSE
"AT3G05260",0.216666666666667,0.0178504073563796,0.0552799848299411,FALSE
"AT3G07070",0.216666666666667,0.0146430793750864,0.0392933469530299,FALSE
"AT5G57785",0.216666666666667,0.0252732422151606,0.0805392187328082,FALSE
"AT5G54165",0.216666666666667,0.0642990323949957,0.142501955172858,FALSE
"AT2G48090",0.216666666666667,-0.0225451625992196,0.0697299190605619,FALSE
"AT5G12020",0.2,0.0194145643158685,0.0504268888822108,FALSE
"AT2G32860",0.2,0.0293789674143838,0.0756769782035268,FALSE
"AT5G47450",0.2,0.014134275043355,0.0393203963270563,FALSE
"AT3G49960",0.2,0.0218275824993188,0.0539128645029026,FALSE
"AT1G21313",0.2,0.0173634113750693,0.0501076669531318,FALSE
"AT3G59930",0.2,0.0223334423600784,0.0592174167895955,FALSE
"AT3G16440",0.2,-0.0253690041632989,0.0577379254216183,FALSE
"AT5G44580",0.2,0.0258271528073486,0.0628450286939748,FALSE
"AT2G07721",0.2,-0.013008283203632,0.0321373426530748,FALSE
"AT3G53470",0.2,0.0120548124774349,0.0351719456624535,FALSE
"AT1G54860",0.2,-0.0214074970327187,0.056508955498089,FALSE
"AT1G05560",0.2,0.0267419994440925,0.0660654948074461,FALSE
"AT5G01740",0.2,0.0380242529250943,0.113878561202492,FALSE
"AT3G22530",0.2,-0.0184747544017065,0.0554398045949311,FALSE
"AT1G69240",0.2,0.0126219472641719,0.037216497360837,FALSE
"AT5G49730",0.2,-0.017975891915115,0.0461361470447953,FALSE
"AT1G54870",0.183333333333333,-0.0298515905351288,0.0943250190001282,FALSE
"AT1G48130",0.183333333333333,-0.0160886503066206,0.0450481285439159,FALSE
"AT1G59860",0.183333333333333,0.0292914845562,0.0728603502752093,FALSE
"AT1G05523",0.183333333333333,-0.0098815305462398,0.0304233533038968,FALSE
"AT5G12420",0.183333333333333,-0.0146308042671142,0.0442982338231192,FALSE
"AT2G26400",0.183333333333333,0.0449822468074565,0.110714293817677,FALSE
"AT2G26150",0.183333333333333,0.0795324958454205,0.185349723618486,FALSE
"AT5G53250",0.183333333333333,0.0236696236264604,0.0631454450618379,FALSE
"AT3G54940",0.183333333333333,-0.0407779346675859,0.10923815485363,FALSE
"AT1G26390",0.183333333333333,-0.0353943984577092,0.0905447200142045,FALSE
"AT4G30320",0.183333333333333,0.0146128553374958,0.0436320387143912,FALSE
"AT1G77520",0.183333333333333,-0.015876902513531,0.0456921181704494,FALSE
"AT2G24645",0.183333333333333,0.0146976986150598,0.0418787268881906,FALSE
"AT3G26610",0.183333333333333,-0.00974339905845324,0.0238332764352572,FALSE
"AT1G11080",0.183333333333333,-0.021283676854339,0.0593793382679378,FALSE
"AT1G12610",0.183333333333333,0.0264675343320174,0.0648765582192968,FALSE
"AT5G13150",0.183333333333333,0.00984024018245216,0.0297581843887539,FALSE
"AT5G52860",0.183333333333333,0.0148851134876153,0.0346072993334265,FALSE
"AT3G01516",0.183333333333333,0.0206563070081284,0.0528038565779369,FALSE
"AT3G02240",0.183333333333333,0.017186035404954,0.0474895077828589,FALSE
"AT1G62980",0.166666666666667,0.0115654332351319,0.0345036041035236,FALSE
"AT2G24980",0.166666666666667,0.0162726212676006,0.0443044814209049,FALSE
"AT1G31550",0.166666666666667,-0.0192756144625771,0.0526244181433482,FALSE
"AT1G64670",0.166666666666667,0.0141161182412107,0.0482448318058301,FALSE
"AT1G14950",0.166666666666667,-0.0119673200567691,0.0452712076920162,FALSE
"AT5G61650",0.166666666666667,0.0115529402997584,0.0367065550684962,FALSE
"AT2G27370",0.166666666666667,0.00777635561246096,0.0254282278507583,FALSE
"AT2G27402",0.15,-0.0130236922887522,0.0405108384872954,FALSE
"AT2G07751",0.15,0.00828759023964898,0.0281137336277846,FALSE
"AT2G43510",0.15,-0.0095258800415304,0.0279256106254264,FALSE
"AT1G29025",0.15,0.0125134954888847,0.0352079999004623,FALSE
"AT1G73220",0.15,-0.0166310456209881,0.0510680541296991,FALSE
"AT3G55500",0.15,-0.016356517493881,0.055157209026686,FALSE
"AT4G14140",0.15,0.00970758015372532,0.0335158198305344,FALSE
"AT1G11600",0.15,0.01254270589238,0.0349390775838988,FALSE
"AT5G52390",0.15,-0.0243189378393494,0.0705181416796731,FALSE
"AT1G48750",0.15,-0.0157662654459559,0.0432494834290381,FALSE
"AT1G72060",0.15,0.016137543284219,0.049252313529061,FALSE
"AT3G23290",0.15,0.00932560587685907,0.0268861873165027,FALSE
"AT1G75785",0.15,-0.0078656471804306,0.0291943030596345,FALSE
"AT5G64870",0.15,0.0185588881382783,0.0655014809190118,FALSE
"AT2G07795",0.15,0.0282911383163727,0.095987424069598,FALSE
"AT1G53870",0.15,-0.00865887752292057,0.0263058881953981,FALSE
"AT5G39160",0.15,0.0252882585547442,0.077217956471977,FALSE
"AT2G07175",0.15,-0.0143351609001928,0.0397258636277002,FALSE
"AT5G24140",0.133333333333333,-0.0144661369358743,0.055256125256998,FALSE
"AT5G57625",0.133333333333333,0.0111655604892836,0.037680239924705,FALSE
"AT3G01845",0.133333333333333,0.00674836091954635,0.0213985619255255,FALSE
"AT1G54890",0.133333333333333,-0.0112323955596652,0.0387318746683176,FALSE
"AT1G13420",0.133333333333333,-0.00721160985702021,0.0290666535793433,FALSE
"AT5G57530",0.133333333333333,0.00785783544618134,0.0317724326248125,FALSE
"AT4G17245",0.133333333333333,0.0115950656963249,0.0326456923474036,FALSE
"AT3G05920",0.133333333333333,0.00795650132307322,0.0270165151765658,FALSE
"AT5G50335",0.133333333333333,0.013308728706577,0.0414974374873995,FALSE
"AT3G03475",0.133333333333333,0.0127505417680893,0.0449106971234163,FALSE
"AT1G17990",0.133333333333333,-0.0128056618770393,0.0392585491898645,FALSE
"AT5G48070",0.133333333333333,0.0193240598117474,0.0652167774498659,FALSE
"AT2G07675",0.133333333333333,-0.0144980788224489,0.0491477289823651,FALSE
"AT1G67148",0.133333333333333,0.00696526446281129,0.0231032779527284,FALSE
"AT5G59190",0.133333333333333,0.0129158825002748,0.042991045293788,FALSE
"AT2G08650",0.133333333333333,-0.00588806394051809,0.0231185281801137,FALSE
"AT3G22142",0.116666666666667,0.0121197980681464,0.0421985102517462,FALSE
"AT1G09927",0.116666666666667,-0.0127970534227684,0.0411368073344197,FALSE
"AT5G24660",0.116666666666667,-0.00692958787143315,0.0278029089317741,FALSE
"AT5G06630",0.116666666666667,0.00773472597002987,0.0255403281060155,FALSE
"AT5G44550",0.116666666666667,-0.00428720421093619,0.0140851891802133,FALSE
"AT5G05500",0.116666666666667,0.00970307247979682,0.0342504288177786,FALSE
"AT5G42600",0.116666666666667,-0.0100939647647859,0.0400564361604731,FALSE
"AT4G22200",0.116666666666667,0.0148178470279855,0.0452946289037725,FALSE
"AT2G14820",0.116666666666667,0.00902265173674049,0.0343002473924229,FALSE
"AT1G51420",0.116666666666667,0.00411232419611284,0.016503860782369,FALSE
"AT1G02340",0.116666666666667,0.00700421521106159,0.0254214216620642,FALSE
"AT4G28850",0.116666666666667,0.0112697790887263,0.0468991240511253,FALSE
"AT4G12320",0.116666666666667,-0.0161436555223538,0.0593072043661189,FALSE
"AT3G19430",0.116666666666667,0.00695339273583349,0.0256938433611803,FALSE
"AT3G09922",0.116666666666667,-0.0154048372651536,0.0558473904994656,FALSE
"AT4G21650",0.1,-0.00677876306779262,0.0247082448897475,FALSE
"AT3G45140",0.1,-0.0102630614424476,0.0437423825776259,FALSE
"AT1G25150",0.1,-0.00838951230685012,0.0382973867565987,FALSE
"AT3G28290",0.1,-0.00444253738921005,0.0141008965387074,FALSE
"AT3G28300",0.1,-0.00412683936086462,0.0132035790645535,FALSE
"AT2G47780",0.1,0.00379386235542313,0.0152600144728752,FALSE
"AT5G04475",0.1,0.0170543045000478,0.0609474609047993,FALSE
"AT3G48310",0.1,-0.00442136585340366,0.0161600939988325,FALSE
"AT4G12550",0.1,-0.0112045777889166,0.050064505529315,FALSE
"AT1G17820",0.1,0.00499799947822825,0.0169767178311537,FALSE
"AT3G61030",0.1,-0.00442641677041412,0.0178447676495179,FALSE
"AT1G60260",0.1,0.00192311462498191,0.0104978271778942,FALSE
"AT4G04223",0.1,-0.00485262457999939,0.016704987651945,FALSE
"AT4G25490",0.1,0.00680059811756645,0.0413815846295588,FALSE
"AT5G20230",0.1,0.00606161944989863,0.0247438059706628,FALSE
"AT3G12580",0.1,0.00235129787903043,0.00850067923638546,FALSE
"AT2G07658",0.1,-0.0101958584427998,0.0449133922957971,FALSE
"AT5G44610",0.1,0.00992937978210284,0.0356756216891955,FALSE
"AT2G01918",0.1,0.00405952153760225,0.017812926894942,FALSE
"AT2G25240",0.1,0.0089840958002,0.0347532898341766,FALSE
"AT4G00050",0.1,-0.00649755789956699,0.0224783821909222,FALSE
"AT4G03210",0.1,0.0067622845358373,0.0287059041548644,FALSE
"AT4G10270",0.1,0.00703987228602206,0.0233463363033756,FALSE
"AT2G26975",0.1,0.00744835272473955,0.0266095401123199,FALSE
"AT5G24420",0.1,-0.017554218920063,0.057342949303202,FALSE
"AT1G10370",0.1,-0.00680268913684526,0.0222838472879703,FALSE
"AT3G44970",0.1,-0.0112289672922709,0.0368248747016671,FALSE
"AT5G44390",0.1,-0.0079024167308127,0.0271056375005501,FALSE
"AT4G01770",0.1,-0.0114346576074099,0.0442118134035602,FALSE
"AT2G07719",0.1,-0.00419982230323256,0.0145678285573902,FALSE
"AT3G14210",0.0833333333333333,0.00514665556847322,0.0230372465919746,FALSE
"AT1G58270",0.0833333333333333,-0.00439585583057674,0.0179654522556989,FALSE
"AT1G49570",0.0833333333333333,0.00334136380962789,0.0186779556236461,FALSE
"AT4G37409",0.0833333333333333,-0.00609515858965749,0.0235088291261749,FALSE
"AT1G31920",0.0833333333333333,0.00570454433869587,0.0244890342606987,FALSE
"AT4G31470",0.0833333333333333,0.0113568361278718,0.040445506398269,FALSE
"AT1G51110",0.0833333333333333,0.00609186483529193,0.0288464023871981,FALSE
"AT3G06880",0.0833333333333333,0.00963043972709496,0.0356774279627555,FALSE
"AT5G23990",0.0833333333333333,-0.00947562775323307,0.0350680070704404,FALSE
"AT5G50700",0.0833333333333333,-0.00913503371045718,0.0375348419633266,FALSE
"AT2G35300",0.0833333333333333,0.00466181209537723,0.0222347965310126,FALSE
"AT1G45015",0.0833333333333333,-0.00347059515191321,0.014120621441736,FALSE
"AT1G27461",0.0833333333333333,0.00269731803911797,0.0112799963491424,FALSE
"AT1G61080",0.0833333333333333,-0.00368521344700043,0.0150621901305503,FALSE
"AT5G42180",0.0833333333333333,0.00403042242363854,0.0155926943100423,FALSE
"AT1G29270",0.0833333333333333,0.0129656600294064,0.0508296208665448,FALSE
"AT4G13560",0.0833333333333333,-0.00301551966007707,0.0281878982577259,FALSE
"AT5G48940",0.0833333333333333,-0.00470788087775922,0.0188100219661552,FALSE
"AT1G15640",0.0833333333333333,0.00528736846151458,0.0226058954112516,FALSE
"AT3G49570",0.0833333333333333,0.0045930980740504,0.0220122549604973,FALSE
"AT1G51190",0.0833333333333333,-0.0046016714730807,0.0182392559511114,FALSE
"AT5G38930",0.0833333333333333,0.00625003816197444,0.0242326900984078,FALSE
"AT5G66280",0.0833333333333333,-0.00605130023239992,0.0311540691066163,FALSE
"AT5G02095",0.0833333333333333,0.00442130513251619,0.0201046261982663,FALSE
"AT1G62760",0.0833333333333333,-0.00790126095239564,0.0322904077665415,FALSE
"AT4G23510",0.0833333333333333,0.00248388083545219,0.0127304442479662,FALSE
"AT5G56795",0.0833333333333333,0.00421304285877782,0.0180188457824563,FALSE
"AT3G56410",0.0833333333333333,-0.00624248028322119,0.0303492407021407,FALSE
"AT5G36790",0.0666666666666667,0.00234634174874048,0.0103480336958216,FALSE
"AT5G52300",0.0666666666666667,0.00917496931403412,0.0384051064258712,FALSE
"AT4G12510",0.0666666666666667,0.00484448739240823,0.019882230222966,FALSE
"AT2G05250",0.0666666666666667,-0.000914573864796311,0.00417652286593458,FALSE
"AT1G25054",0.0666666666666667,-0.0006458932448463,0.0241906535545859,FALSE
"AT1G05250",0.0666666666666667,0.00413494942442392,0.0244667115950139,FALSE
"AT5G10130",0.0666666666666667,-0.00682843315741065,0.0355627978823583,FALSE
"AT1G48260",0.0666666666666667,-0.00257470760661985,0.0116172482455526,FALSE
"AT1G70820",0.0666666666666667,-0.00167903292611415,0.00849660591379632,FALSE
"AT5G59320",0.0666666666666667,-0.00549982028345329,0.0235918213680253,FALSE
"AT5G60520",0.0666666666666667,-0.00270547468449445,0.0131816168350827,FALSE
"AT1G05767",0.0666666666666667,0.00538507900297479,0.0212276586548643,FALSE
"AT5G14020",0.0666666666666667,-0.00413525682065316,0.0174552266443504,FALSE
"AT2G47770",0.0666666666666667,0.00176896193090422,0.00958850233247188,FALSE
"AT2G07734",0.0666666666666667,-0.00486997170292376,0.0221342670465345,FALSE
"AT2G45310",0.0666666666666667,0.00146234097081803,0.0110444074713903,FALSE
"AT1G55335",0.0666666666666667,0.00579147518286214,0.0305652636285424,FALSE
"AT5G58390",0.0666666666666667,0.00721126952870713,0.0278143424149098,FALSE
"AT3G25190",0.0666666666666667,-0.00419670600343449,0.022153498985381,FALSE
"AT1G05927",0.0666666666666667,0.00546345716012616,0.0268929848728653,FALSE
"AT1G06350",0.0666666666666667,0.00417723216678997,0.0265639285819249,FALSE
"AT3G29030",0.0666666666666667,0.00376687107654643,0.0171270066755342,FALSE
"AT3G13855",0.0666666666666667,0.00167173684087014,0.00713587640584984,FALSE
"AT3G14735",0.0666666666666667,0.00157496096968336,0.00689386163535913,FALSE
"AT4G13500",0.0666666666666667,0.00710351995340297,0.0332328344079186,FALSE
"AT3G14362",0.0666666666666667,-0.00292160462680299,0.0145263226462314,FALSE
"AT5G62230",0.0666666666666667,0.00569163312806658,0.0233585539655369,FALSE
"AT3G02480",0.0666666666666667,0.00412762000653633,0.0192544222732233,FALSE
"AT4G13280",0.0666666666666667,0.00414752282477395,0.0190133538194547,FALSE
"AT4G09610",0.0666666666666667,-0.00805165588852546,0.0322340990074277,FALSE
"AT1G25180",0.0666666666666667,0.00310576436318506,0.0170410995346126,FALSE
"AT3G18450",0.0666666666666667,0.00099738800477637,0.0038883380205375,FALSE
"AT1G06923",0.0666666666666667,0.0043142516181861,0.0202437574137315,FALSE
"AT4G33800",0.0666666666666667,0.00459509865933835,0.0214390010665061,FALSE
"AT3G06435",0.0666666666666667,0.0100958149129965,0.0388397525412027,FALSE
"AT2G31081",0.0666666666666667,-0.00816640695132391,0.0395317319707879,FALSE
"AT3G50270",0.0666666666666667,0.00420311721072964,0.0201811361950469,FALSE
"AT4G33145",0.0666666666666667,-0.0010938781421206,0.00511080648752595,FALSE
"AT1G70830",0.05,0.00124874134573584,0.00566939554413335,FALSE
"AT1G67865",0.05,-0.00302767811931189,0.0161025879178749,FALSE
"AT3G22640",0.05,-0.0032665762081692,0.0159380850489813,FALSE
"AT1G25055",0.05,-0.00459110089298941,0.020585529319236,FALSE
"AT3G16670",0.05,0.00195493998703761,0.0103066154911318,FALSE
"AT3G26460",0.05,-0.00164740283436254,0.0079735646410746,FALSE
"AT3G22121",0.05,0.00237668810801801,0.0130347981019363,FALSE
"AT5G43370",0.05,-0.00291641150652288,0.0137404310579781,FALSE
"AT1G03880",0.05,0.00301828576978028,0.016114406840636,FALSE
"AT5G04960",0.05,0.00297235205110436,0.01569426989942,FALSE
"AT5G63660",0.05,0.00517932142309282,0.0241561068028967,FALSE
"AT5G16030",0.05,0.000959357350947078,0.00600278471316449,FALSE
"AT5G66520",0.05,-0.00462488762010826,0.0214330868634994,FALSE
"AT5G50570",0.05,0.003269276336004,0.019982957019306,FALSE
"AT1G52000",0.05,0.00100187741666376,0.00463321622987945,FALSE
"AT2G47540",0.05,0.00380271942516039,0.0222919340137312,FALSE
"AT2G39510",0.05,-0.00120632271362239,0.00610112850725767,FALSE
"AT2G07674",0.05,-0.00284699843548213,0.0158723447797518,FALSE
"AT2G40170",0.05,-0.00351058360937992,0.0190416698308138,FALSE
"AT4G28755",0.05,0.00162311690059775,0.00990851609745395,FALSE
"AT3G46670",0.05,0.00300338436812661,0.0149880737183572,FALSE
"AT4G15620",0.05,0.0041106269046027,0.0293579135883922,FALSE
"AT2G07771",0.05,-0.00139372919581663,0.00844433506530216,FALSE
"AT2G33810",0.05,0.00465249192087103,0.0236123010925689,FALSE
"AT2G15680",0.05,-0.00433885623616324,0.0217562042094334,FALSE
"AT1G07476",0.05,0.00211072720889103,0.0115816350129164,FALSE
"AT1G03820",0.05,-0.00338882233997215,0.0181031013692484,FALSE
"AT1G56600",0.05,0.00530111604310124,0.0235508663339393,FALSE
"AT4G00680",0.05,0.00472042669161724,0.0272470443718649,FALSE
"AT1G06002",0.05,-0.000544056942762007,0.00717585192662787,FALSE
"AT3G60160",0.05,-0.00450855645330756,0.0225970670920574,FALSE
"AT2G23000",0.05,-0.00434167672915021,0.0216308573487082,FALSE
"AT1G05650",0.05,0.00354781464884069,0.0193637998183091,FALSE
"AT5G41761",0.05,-0.00425854734138542,0.0214674365437639,FALSE
"AT3G14810",0.05,0.00641671791552954,0.0293090009893069,FALSE
"AT2G30130",0.05,-0.0025508635101826,0.0187944867474158,FALSE
"AT3G03445",0.05,0.00212341121236349,0.00935328846872131,FALSE
"AT2G04755",0.05,-0.00349668969606638,0.0169328574749267,FALSE
"AT2G34020",0.05,0.00892797595897511,0.0459903616991891,FALSE
"AT5G40380",0.05,0.00181130636966248,0.00929452457914191,FALSE
"AT3G44990",0.05,-0.00306863549171712,0.0165549664000666,FALSE
"AT1G73120",0.05,0.00251754697073636,0.0128448129271066,FALSE
"AT4G37700",0.05,-0.00109652945096689,0.00599036640401812,FALSE
"AT5G27360",0.05,0.00189172045984571,0.00985239093962211,FALSE
"AT5G23060",0.05,0.00233966022506244,0.012246949433672,FALSE
"AT1G11303",0.05,0.00175751720773532,0.0127792299318073,FALSE
"AT5G19800",0.05,0.00254928096278707,0.0124836526234555,FALSE
"AT2G18480",0.05,-3.60091197830764e-05,0.00882567513923605,FALSE
"AT1G73620",0.05,-0.00110955286984711,0.00493060496757936,FALSE
"AT3G54770",0.05,0.00200667672646842,0.00964998725675287,FALSE
"AT1G05347",0.05,-0.00532084429383163,0.0331386741787212,FALSE
"AT3G11550",0.05,0.00182504231170653,0.00890663056062588,FALSE
"AT1G55230",0.05,-0.0012586731190776,0.00715515099521803,FALSE
"AT1G29460",0.05,0.0074891498525403,0.038623770596789,FALSE
"AT3G08485",0.05,0.00436704379966364,0.0238263433525911,FALSE
"AT1G25098",0.0333333333333333,-0.000245549076451202,0.00148750794769909,FALSE
"AT4G14890",0.0333333333333333,0.0025863645583541,0.0146447714264695,FALSE
"AT2G07724",0.0333333333333333,-0.000591665178013234,0.00352255007157376,FALSE
"AT5G06165",0.0333333333333333,0.00162157662978622,0.012554855136956,FALSE
"AT1G16410",0.0333333333333333,0.00274327642077839,0.0194514137655752,FALSE
"AT1G20070",0.0333333333333333,0.00255655086855165,0.0192677047046243,FALSE
"AT4G25140",0.0333333333333333,-0.00201310378632803,0.0146920656685043,FALSE
"AT3G28220",0.0333333333333333,-0.000785663683124939,0.00466156876209844,FALSE
"AT3G09925",0.0333333333333333,0.00131395874955989,0.00805774572734707,FALSE
"AT3G54580",0.0333333333333333,0.00160482020273122,0.0107739490772848,FALSE
"AT1G22800",0.0333333333333333,-0.00242801615188362,0.0141646275678528,FALSE
"AT1G75830",0.0333333333333333,-0.00190506486506128,0.0107083707857228,FALSE
"AT2G07785",0.0333333333333333,-0.00144644524685522,0.00983019819903453,FALSE
"AT1G05333",0.0333333333333333,-0.00347216676188695,0.0238740523327228,FALSE
"AT1G12560",0.0333333333333333,0.000471254076269122,0.00260823491758921,FALSE
"AT3G45070",0.0333333333333333,0.00363234217733827,0.0200486858174654,FALSE
"AT1G65490",0.0333333333333333,-0.0042111553423781,0.0241942557121858,FALSE
"AT2G20500",0.0333333333333333,0.00426263909567907,0.0261129050856398,FALSE
"AT5G22555",0.0333333333333333,-0.00150790026684209,0.00922439468757396,FALSE
"AT5G05270",0.0333333333333333,-0.0018003934970058,0.009992293215177,FALSE
"AT2G39980",0.0333333333333333,-0.00152374049673692,0.0110893677349934,FALSE
"AT1G56680",0.0333333333333333,-0.00207112751350604,0.0155038550268544,FALSE
"AT1G06463",0.0333333333333333,-0.00203738365785369,0.0112674202053451,FALSE
"AT4G32980",0.0333333333333333,0.000190842093059308,0.00136153193378021,FALSE
"AT3G48340",0.0333333333333333,-0.000871919661728021,0.00525839548216381,FALSE
"AT5G23840",0.0333333333333333,-0.00179068278381358,0.00990832265641073,FALSE
"AT4G08400",0.0333333333333333,0.000277116587790092,0.00176743737724011,FALSE
"AT2G32487",0.0333333333333333,0.000622970245420412,0.0120027443096214,FALSE
"AT2G28490",0.0333333333333333,-0.000397680872191543,0.00216854239847175,FALSE
"AT3G17070",0.0333333333333333,-0.000458086991703447,0.00254951094492733,FALSE
"AT4G37160",0.0333333333333333,0.00215870738368286,0.0120857848715107,FALSE
"AT4G33666",0.0333333333333333,0.00242999194474811,0.0176346688556125,FALSE
"AT2G43620",0.0333333333333333,0.000394174896708498,0.0025503424552504,FALSE
"AT1G49450",0.0333333333333333,0.00101926323469151,0.00725451204036718,FALSE
"AT4G25220",0.0333333333333333,0.00123518993034844,0.00944644392590581,FALSE
"AT1G04163",0.0333333333333333,-0.000272951172024778,0.00157216853682923,FALSE
"AT2G22630",0.0333333333333333,-0.00196981413491468,0.01257526362105,FALSE
"AT1G53160",0.0333333333333333,0.000584490476573277,0.00326185885141244,FALSE
"AT2G30210",0.0333333333333333,0.00109330273511972,0.00673142287662961,FALSE
"AT3G02045",0.0333333333333333,0.00187968405444354,0.0114536099031706,FALSE
"AT1G27570",0.0333333333333333,-0.000957772527860818,0.0052036299660514,FALSE
"AT2G03965",0.0333333333333333,0.00423092395157189,0.0296623945220709,FALSE
"AT5G51440",0.0333333333333333,0.0021637223582747,0.0143065778944075,FALSE
"AT1G24996",0.0333333333333333,-0.0014340629179411,0.0111045129933097,FALSE
"AT1G06253",0.0333333333333333,0.000885573153150858,0.00540654592250597,FALSE
"AT1G50745",0.0333333333333333,0.000865104121817354,0.00662147455591906,FALSE
"AT5G47740",0.0333333333333333,0.000984295692674546,0.00678010176334529,FALSE
"AT3G21560",0.0333333333333333,-0.00277300624169388,0.01603603684591,FALSE
"AT5G14750",0.0333333333333333,-0.0013724700781988,0.00755266384003823,FALSE
"AT2G42660",0.0333333333333333,-0.00116731548710941,0.00802050128639313,FALSE
"AT3G28007",0.0333333333333333,0.000249465053466699,0.00165643492354276,FALSE
"AT4G14368",0.0333333333333333,-0.00154697068075077,0.00959952910110355,FALSE
"AT1G73165",0.0333333333333333,0.0023090236254775,0.0125475628865396,FALSE
"AT2G42560",0.0333333333333333,0.00460132777476277,0.0310465325389325,FALSE
"AT3G53980",0.0333333333333333,-0.00059747203256908,0.00461414288474416,FALSE
"AT1G01750",0.0333333333333333,0.00255630413247711,0.0140453740249289,FALSE
"AT2G07652",0.0333333333333333,-0.00120905554098797,0.00855726741730157,FALSE
"AT4G13690",0.0333333333333333,-0.00633005129449728,0.0402348459537952,FALSE
"AT5G52640",0.0333333333333333,0.00167720213474934,0.0120479250443417,FALSE
"AT2G07773",0.0333333333333333,-0.00104504163727329,0.00590275331927308,FALSE
"AT2G22930",0.0333333333333333,-0.00169452683082435,0.0105991611429486,FALSE
"AT2G35980",0.0333333333333333,-0.00160580534979762,0.00975079614221617,FALSE
"AT2G34420",0.0166666666666667,0.000297869190092623,0.00230728482515404,FALSE
"AT4G28520",0.0166666666666667,-0.000191268305322106,0.00148155792233966,FALSE
"AT1G04897",0.0166666666666667,0.00186408987933772,0.0144391781170176,FALSE
"AT3G47350",0.0166666666666667,-0.000588673732096558,0.00455984712151947,FALSE
"AT5G07325",0.0166666666666667,0.000590163694907088,0.00457138832382278,FALSE
"AT3G27690",0.0166666666666667,-0.000553007685557715,0.00428357911297948,FALSE
"AT5G61455",0.0166666666666667,0.000126922040617484,0.000983133899156353,FALSE
"AT3G56705",0.0166666666666667,9.6449566922988e-07,7.470951328833e-06,FALSE
"AT2G07687",0.0166666666666667,-0.000438497318729529,0.00339658562559214,FALSE
"AT5G52310",0.0166666666666667,0.00115911649475194,0.00897847776097715,FALSE
"AT1G52070",0.0166666666666667,-0.000574430437754658,0.00444951903795685,FALSE
"AT2G07815",0.0166666666666667,-0.000596402792143499,0.00461971616320675,FALSE
"AT4G23600",0.0166666666666667,-3.1011678387482e-05,0.000240215427865317,FALSE
"AT3G06325",0.0166666666666667,0.00217384228174909,0.0168385099089915,FALSE
"AT1G25175",0.0166666666666667,-0.00109382718363147,0.00847274893166727,FALSE
"AT4G02720",0.0166666666666667,-0.00171466788215236,0.0132817603037057,FALSE
"AT3G55860",0.0166666666666667,0.000208452539707105,0.00161466642952051,FALSE
"AT3G49580",0.0166666666666667,5.83208336185591e-05,0.000451751234683226,FALSE
"AT5G38980",0.0166666666666667,0.00167873013234441,0.0130033876906929,FALSE
"AT1G29395",0.0166666666666667,-0.000254135612871155,0.0019685259926564,FALSE
"AT5G01870",0.0166666666666667,-0.00138210352020233,0.0107057278329566,FALSE
"AT5G09565",0.0166666666666667,0.00226987143684387,0.0175823485458564,FALSE
"AT3G09275",0.0166666666666667,-1.03033538424371e-05,7.98094356836819e-05,FALSE
"AT1G15820",0.0166666666666667,0.000680847920560006,0.00527382531525771,FALSE
"AT1G03106",0.0166666666666667,-9.47646194343742e-05,0.00073404358575803,FALSE
"AT1G73330",0.0166666666666667,-0.000163289810082688,0.00126483743011124,FALSE
"AT1G12340",0.0166666666666667,-0.000944118865610556,0.00731311328669985,FALSE
"AT1G27580",0.0166666666666667,-0.00159914487851968,0.0123869229653592,FALSE
"AT2G07739",0.0166666666666667,0.000330731075575899,0.00256183189555744,FALSE
"AT4G28940",0.0166666666666667,-0.000862956599352358,0.00668443307558294,FALSE
"AT4G25820",0.0166666666666667,5.46512909028821e-05,0.000423327079031198,FALSE
"AT2G05205",0.0166666666666667,-0.000601510716807011,0.00465928197751768,FALSE
"AT2G07768",0.0166666666666667,-0.000334671490039039,0.00259235421474324,FALSE
"AT2G25980",0.0166666666666667,0.00123544522420289,0.00956971755697856,FALSE
"AT3G47965",0.0166666666666667,-0.000759831718174701,0.00588563118082157,FALSE
"AT1G23050",0.0166666666666667,-0.00312838038447192,0.0242323302593234,FALSE
"AT1G13710",0.0166666666666667,1.29693020681885e-06,1.00459781844055e-05,FALSE
"AT5G23020",0.0166666666666667,0.00106453223542087,0.00824583123857197,FALSE
"AT3G14620",0.0166666666666667,0.000161427743055868,0.00125041392094245,FALSE
"AT1G70850",0.0166666666666667,-0.0018431083535905,0.0142766559174235,FALSE
"AT5G07095",0.0166666666666667,0.000385118245638323,0.00298311310335569,FALSE
"AT1G07725",0.0166666666666667,7.44697795851955e-05,0.000576840432258398,FALSE
"AT1G04183",0.0166666666666667,-0.00104606683092265,0.00810279883036682,FALSE
"AT2G36870",0.0166666666666667,0.000500002653549104,0.00387300390051039,FALSE
"AT5G20710",0.0166666666666667,-0.000564146792742965,0.00436986226621966,FALSE
"AT5G39190",0.0166666666666667,-0.00246572087203754,0.0190993917475948,FALSE
"AT2G07707",0.0166666666666667,-0.000404069821802585,0.00312991138109282,FALSE
"AT3G49110",0.0166666666666667,0.000164804952346191,0.00127657367161861,FALSE
"AT4G27150",0.0166666666666667,-0.000583958617486016,0.00452332400079529,FALSE
"AT1G21550",0.0166666666666667,0.00102966151677629,0.00797572381341047,FALSE
"AT3G26200",0.0166666666666667,0.000644350768172564,0.00499111958849659,FALSE
"AT2G19900",0.0166666666666667,0.000386704874429627,0.00299540307712635,FALSE
"AT5G27010",0.0166666666666667,-0.000272077398889896,0.00210750246956,FALSE
"AT3G22800",0.0166666666666667,0.00155543143871728,0.0120483201166389,FALSE
"AT4G04640",0.0166666666666667,0.000318377762063583,0.00246614354055009,FALSE
"AT5G08640",0.0166666666666667,-0.00161483971196025,0.0125084946224328,FALSE
"AT5G22410",0.0166666666666667,9.55093210937752e-06,7.39812020007536e-05,FALSE
"AT1G14220",0.0166666666666667,-0.000130258034322564,0.00100897439528201,FALSE
"AT2G07787",0.0166666666666667,-6.00362785607134e-05,0.000465039014067825,FALSE
"AT5G09530",0.0166666666666667,-0.000320805363377327,0.00248494765946881,FALSE
"AT1G18400",0.0166666666666667,0.000220220983464457,0.00170582440288652,FALSE
"AT4G13575",0.0166666666666667,-0.000785771791584738,0.00608656212545451,FALSE
"AT1G05510",0.0166666666666667,-0.000644274158622373,0.00499052617347249,FALSE
"AT3G46660",0.0166666666666667,1.79005574195815e-05,0.000138657121547738,FALSE
"AT3G56220",0.0166666666666667,0.00037092981291242,0.00287320997604327,FALSE
"AT1G47395",0.0166666666666667,-0.00153976642626357,0.0119269794519363,FALSE
"AT2G38870",0.0166666666666667,-0.000185670792888385,0.00143819977746768,FALSE
"AT4G36430",0.0166666666666667,0.00025408497447774,0.00196813374934765,FALSE
"AT2G04039",0.0166666666666667,0.00135749627850917,0.0105151209584091,FALSE
"AT1G32640",0.0166666666666667,-0.00113452352998529,0.00878798147502694,FALSE
"AT3G27355",0.0166666666666667,0.000337423842469822,0.00261367384499787,FALSE
"AT5G36910",0.0166666666666667,0.000416066759588681,0.00322283926159489,FALSE
"AT5G41290",0.0166666666666667,-0.000809391947498502,0.00626952306643217,FALSE
"AT2G07708",0.0166666666666667,-0.000236990399669391,0.00183571974226118,FALSE
"AT1G73490",0.0166666666666667,-0.000383722135477752,0.00297229888055296,FALSE
"AT2G29330",0.0166666666666667,-1.63279690694541e-05,0.000126475904566771,FALSE
"AT3G51895",0.0166666666666667,0.000733598504082646,0.00568242957822953,FALSE
"AT1G48100",0.0166666666666667,9.60617044554999e-05,0.0007440907631289,FALSE
"AT1G59218",0.0166666666666667,1.70081772364541e-05,0.000131744774372262,FALSE
"AT1G27140",0.0166666666666667,-0.000471291451890381,0.00365060788876272,FALSE
"AT1G22890",0.0166666666666667,-0.00233570049649734,0.0180922582493252,FALSE
"AT3G05370",0.0166666666666667,3.85603021095346e-05,0.000298686815789909,FALSE
"AT1G27740",0.0166666666666667,0.00121191766652519,0.00938747387885324,FALSE
"AT5G45630",0.0166666666666667,-0.00324211104998383,0.0251132842062849,FALSE
"AT2G21490",0.0166666666666667,0.00012975929801344,0.00100511120044323,FALSE
"AT5G61660",0.0166666666666667,-0.00330266521725469,0.0255823347690518,FALSE
"AT3G09225",0.0166666666666667,1.94434744976042e-05,0.000150608505843259,FALSE
"AT1G71920",0.0166666666666667,-0.00194401991093058,0.0150583134794595,FALSE
"AT4G37990",0.0166666666666667,-0.000625658600076147,0.00484633067701273,FALSE
"AT2G41970",0.0166666666666667,0.00311209354703785,0.0241061729590343,FALSE
"AT1G05147",0.0166666666666667,0.000349148735145201,0.0027044944731335,FALSE
"AT2G03710",0.0166666666666667,-9.32759329176748e-05,0.000722512269584229,FALSE
"AT2G01530",0.0166666666666667,0.00128007618519571,0.00991542749427942,FALSE
"AT2G45600",0.0166666666666667,-0.000186470685517468,0.00144439571913007,FALSE
"AT5G34871",0.0166666666666667,-7.23676859481826e-06,5.6055768496176e-05,FALSE
"AT5G27890",0.0166666666666667,-0.000555509308550581,0.0043029566013592,FALSE
"AT5G20045",0.0166666666666667,-9.10894958177862e-06,7.05576200633432e-05,FALSE
"AT4G33730",0.0166666666666667,0.000226184070473736,0.00175201427624437,FALSE
"AT4G16860",0.0166666666666667,0.000416741483684228,0.00322806565196557,FALSE
"AT1G57590",0.0166666666666667,0.000601120915761085,0.00465626259159927,FALSE
"AT1G71030",0.0166666666666667,-0.000740449425156725,0.00573549658468171,FALSE
"AT4G27400",0.0166666666666667,-0.000234241112185143,0.00181442385298033,FALSE
"AT1G18980",0.0166666666666667,0.0012818324409459,0.00992903139282374,FALSE
"AT4G11890",0.0166666666666667,0.00256237864224712,0.0198480996162014,FALSE
"AT2G34910",0.0166666666666667,1.84822452262221e-05,0.00014316285592336,FALSE
"AT3G06345",0.0166666666666667,0.000609222819419867,0.00471901966748535,FALSE
"AT3G29430",0.0166666666666667,2.87952448260197e-05,0.000223047007322279,FALSE
"AT3G50890",0.0166666666666667,0.00064809152201909,0.00502009534319631,FALSE
"AT2G31085",0.0166666666666667,0.0012026942556891,0.00931602964572645,FALSE
"AT3G09875",0.0166666666666667,3.39478100043151e-05,0.000262958605573852,FALSE
"AT3G12220",0.0166666666666667,-0.000867804555441588,0.0067219851819764,FALSE
"AT5G24070",0.0166666666666667,-0.000186832309000775,0.00144719684258696,FALSE
"AT2G07698",0.0166666666666667,-0.000101771280162371,0.000788316946382148,FALSE
"AT1G17860",0.0166666666666667,-0.00172984038873746,0.0133992860343543,FALSE
"AT4G21930",0.0166666666666667,2.43002558044049e-05,0.00018822897207808,FALSE
"AT3G28270",0.0166666666666667,-0.000260826790350542,0.00202035563054477,FALSE
"AT2G43100",0.0166666666666667,-3.44831787374237e-05,0.000267105553948672,FALSE
"AT1G29000",0.0166666666666667,-0.000870263283008684,0.00674103040381685,FALSE
"AT1G60470",0.0166666666666667,0.000877768900653431,0.00679916866809906,FALSE
"AT3G13400",0.0166666666666667,-0.0012180838994954,0.00943523731405815,FALSE
"AT3G52680",0.0166666666666667,-0.000642488404547682,0.0049766937818891,FALSE
"AT3G50440",0.0166666666666667,0.000338443864124912,0.00262157489876374,FALSE
"AT2G46640",0.0166666666666667,-0.0017696355162298,0.0137075377664303,FALSE
"AT5G63450",0.0166666666666667,-0.000978387525784172,0.00757855718699836,FALSE
"AT5G43570",0.0166666666666667,-0.000240414501608942,0.00186224272183638,FALSE
"AT1G55010",0.0166666666666667,0.000683340365231784,0.00529313170866799,FALSE
"AT1G18870",0.0166666666666667,-0.000931874482420791,0.00721826870234276,FALSE
"AT1G78995",0.0166666666666667,0.000841273451860329,0.00651647613732296,FALSE
"AT5G43630",0.0166666666666667,-0.000100519641237847,0.000778621792961849,FALSE
"AT3G12230",0.0166666666666667,-0.000466429965846102,0.00361295097978809,FALSE
"AT5G17390",0.0166666666666667,0.000224876796831574,0.00174188817815431,FALSE
"AT1G50580",0.0166666666666667,-0.000418301637949381,0.00324015055493847,FALSE
"AT1G64930",0.0166666666666667,0.000323903050170025,0.00250894223818858,FALSE
"AT3G49950",0.0166666666666667,0.000320983726175241,0.00248632925176062,FALSE
"AT5G57030",0.0166666666666667,0.000257963624276814,0.00199817764150282,FALSE
"AT2G09250",0,0,0,FALSE
"AT4G04565",0,0,0,FALSE
"AT3G01695",0,0,0,FALSE
"AT1G05853",0,0,0,FALSE
"AT3G41762",0,0,0,FALSE
"AT5G09730",0,0,0,FALSE
"AT1G59359",0,0,0,FALSE
"AT2G34430",0,0,0,FALSE
"AT1G58684",0,0,0,FALSE
"AT1G23130",0,0,0,FALSE
"AT3G01715",0,0,0,FALSE
"AT1G29920",0,0,0,FALSE
"AT1G15405",0,0,0,FALSE
"AT3G22120",0,0,0,FALSE
"AT1G08115",0,0,0,FALSE
"AT3G06900",0,0,0,FALSE
"AT4G02970",0,0,0,FALSE
"AT5G15970",0,0,0,FALSE
"AT5G04305",0,0,0,FALSE
"AT2G07835",0,0,0,FALSE
"AT1G04263",0,0,0,FALSE
"AT2G07641",0,0,0,FALSE
"AT3G02790",0,0,0,FALSE
"AT5G07745",0,0,0,FALSE
"AT5G04105",0,0,0,FALSE
"AT1G09687",0,0,0,FALSE
"AT2G04378",0,0,0,FALSE
"AT4G34881",0,0,0,FALSE
"AT1G29910",0,0,0,FALSE
"AT5G44120",0,0,0,FALSE
"AT1G24881",0,0,0,FALSE
"AT4G07120",0,0,0,FALSE
"AT2G31141",0,0,0,FALSE
"AT2G15555",0,0,0,FALSE
"AT1G67090",0,0,0,FALSE
"AT5G38410",0,0,0,FALSE
"AT5G17890",0,0,0,FALSE
"AT5G38420",0,0,0,FALSE
"AT2G07655",0,0,0,FALSE
"AT5G26000",0,0,0,FALSE
"AT1G58983",0,0,0,FALSE
"AT5G23010",0,0,0,FALSE
"AT1G29930",0,0,0,FALSE
"AT1G12830",0,0,0,FALSE
"AT2G10940",0,0,0,FALSE
"AT1G05163",0,0,0,FALSE
"AT4G19240",0,0,0,FALSE
"AT2G05914",0,0,0,FALSE
"AT4G19500",0,0,0,FALSE
"AT2G05070",0,0,0,FALSE
"AT5G15960",0,0,0,FALSE
"AT1G23410",0,0,0,FALSE
"AT5G28919",0,0,0,FALSE
"AT4G04125",0,0,0,FALSE
"AT2G38540",0,0,0,FALSE
"AT1G68250",0,0,0,FALSE
"AT5G20630",0,0,0,FALSE
"AT5G38430",0,0,0,FALSE
"AT3G01500",0,0,0,FALSE
"AT3G47250",0,0,0,FALSE
"AT5G54740",0,0,0,FALSE
"AT5G46510",0,0,0,FALSE
"AT1G68530",0,0,0,FALSE
"AT3G14420",0,0,0,FALSE
"AT2G05100",0,0,0,FALSE
"AT4G38970",0,0,0,FALSE
"AT1G24880",0,0,0,FALSE
"AT3G50480",0,0,0,FALSE
"AT5G25980",0,0,0,FALSE
"AT3G05730",0,0,0,FALSE
"AT4G06375",0,0,0,FALSE
"AT4G38770",0,0,0,FALSE
"AT3G46780",0,0,0,FALSE
"AT4G23670",0,0,0,FALSE
"AT2G04455",0,0,0,FALSE
"AT2G33850",0,0,0,FALSE
"AT3G43740",0,0,0,FALSE
"AT1G05057",0,0,0,FALSE
"AT4G15242",0,0,0,FALSE
"AT1G55670",0,0,0,FALSE
"AT2G07665",0,0,0,FALSE
"AT5G04140",0,0,0,FALSE
"AT1G24020",0,0,0,FALSE
"AT2G42840",0,0,0,FALSE
"AT1G42970",0,0,0,FALSE
"AT1G58848",0,0,0,FALSE
"AT4G21280",0,0,0,FALSE
"AT2G05440",0,0,0,FALSE
"AT1G23960",0,0,0,FALSE
"AT4G28750",0,0,0,FALSE
"AT5G54770",0,0,0,FALSE
"AT3G54890",0,0,0,FALSE
"AT3G60950",0,0,0,FALSE
"AT1G06680",0,0,0,FALSE
"AT1G70185",0,0,0,FALSE
"AT1G44575",0,0,0,FALSE
"AT3G26650",0,0,0,FALSE
"AT3G50820",0,0,0,FALSE
"AT3G16450",0,0,0,FALSE
"AT5G14740",0,0,0,FALSE
"AT4G02770",0,0,0,FALSE
"AT1G20340",0,0,0,FALSE
"AT5G04085",0,0,0,FALSE
"AT2G27385",0,0,0,FALSE
"AT4G22485",0,0,0,FALSE
"AT2G15292",0,0,0,FALSE
"AT1G67740",0,0,0,FALSE
"AT2G30570",0,0,0,FALSE
"AT2G24270",0,0,0,FALSE
"AT2G04375",0,0,0,FALSE
"AT4G20360",0,0,0,FALSE
"AT1G32060",0,0,0,FALSE
"AT5G17880",0,0,0,FALSE
"AT5G24770",0,0,0,FALSE
"AT5G48490",0,0,0,FALSE
"AT3G63052",0,0,0,FALSE
"AT4G22505",0,0,0,FALSE
"AT1G17180",0,0,0,FALSE
"AT1G15000",0,0,0,FALSE
"AT5G66570",0,0,0,FALSE
"AT4G13770",0,0,0,FALSE
"AT2G21330",0,0,0,FALSE
"AT1G52230",0,0,0,FALSE
"AT5G46890",0,0,0,FALSE
"AT4G12490",0,0,0,FALSE
"AT2G39730",0,0,0,FALSE
"AT2G39310",0,0,0,FALSE
"AT1G55673",0,0,0,FALSE
"AT2G08770",0,0,0,FALSE
"AT1G52347",0,0,0,FALSE
"AT1G12900",0,0,0,FALSE
"AT3G21055",0,0,0,FALSE
"AT4G05180",0,0,0,FALSE
"AT5G44440",0,0,0,FALSE
"AT5G54190",0,0,0,FALSE
"AT4G10340",0,0,0,FALSE
"AT2G08665",0,0,0,FALSE
"AT5G13630",0,0,0,FALSE
"AT3G19710",0,0,0,FALSE
"AT1G68010",0,0,0,FALSE
"AT5G37990",0,0,0,FALSE
"AT4G25580",0,0,0,FALSE
"AT5G04530",0,0,0,FALSE
"AT3G47680",0,0,0,FALSE
"AT5G23830",0,0,0,FALSE
"AT5G49640",0,0,0,FALSE
"AT3G55800",0,0,0,FALSE
"AT4G12470",0,0,0,FALSE
"AT5G28350",0,0,0,FALSE
"AT4G27440",0,0,0,FALSE
"AT5G25610",0,0,0,FALSE
"AT5G49645",0,0,0,FALSE
"AT2G09795",0,0,0,FALSE
"AT3G16140",0,0,0,FALSE
"AT1G67860",0,0,0,FALSE
"AT1G05273",0,0,0,FALSE
"AT5G46900",0,0,0,FALSE
"AT1G08380",0,0,0,FALSE
"AT1G53480",0,0,0,FALSE
"AT1G52400",0,0,0,FALSE
"AT2G32690",0,0,0,FALSE
"AT1G25211",0,0,0,FALSE
"AT5G65730",0,0,0,FALSE
"AT1G09937",0,0,0,FALSE
"AT4G22490",0,0,0,FALSE
"AT4G09200",0,0,0,FALSE
"AT4G09310",0,0,0,FALSE
"AT4G39838",0,0,0,FALSE
"AT4G12480",0,0,0,FALSE
"AT2G39010",0,0,0,FALSE
"AT3G45160",0,0,0,FALSE
"AT1G30380",0,0,0,FALSE
"AT5G26270",0,0,0,FALSE
"AT1G68520",0,0,0,FALSE
"AT1G68945",0,0,0,FALSE
"AT4G37980",0,0,0,FALSE
"AT1G74670",0,0,0,FALSE
"AT2G32880",0,0,0,FALSE
"AT2G33790",0,0,0,FALSE
"AT2G07662",0,0,0,FALSE
"AT3G56940",0,0,0,FALSE
"AT3G54050",0,0,0,FALSE
"AT4G03280",0,0,0,FALSE
"AT2G33380",0,0,0,FALSE
"AT1G20020",0,0,0,FALSE
"AT2G42220",0,0,0,FALSE
"AT4G39330",0,0,0,FALSE
"AT2G12905",0,0,0,FALSE
"AT5G05060",0,0,0,FALSE
"AT4G34530",0,0,0,FALSE
"AT2G26500",0,0,0,FALSE
"AT3G57765",0,0,0,FALSE
"AT5G15780",0,0,0,FALSE
"AT5G04455",0,0,0,FALSE
"AT4G23680",0,0,0,FALSE
"AT1G72610",0,0,0,FALSE
"AT3G16370",0,0,0,FALSE
"AT4G01593",0,0,0,FALSE
"AT1G31580",0,0,0,FALSE
"AT1G29670",0,0,0,FALSE
"AT4G12800",0,0,0,FALSE
"AT1G05562",0,0,0,FALSE
"AT1G21500",0,0,0,FALSE
"AT4G30650",0,0,0,FALSE
"AT3G18535",0,0,0,FALSE
"AT5G04905",0,0,0,FALSE
"AT4G29030",0,0,0,FALSE
"AT3G62550",0,0,0,FALSE
"AT2G32870",0,0,0,FALSE
"AT2G07689",0,0,0,FALSE
"AT1G17810",0,0,0,FALSE
"AT5G54270",0,0,0,FALSE
"AT2G43010",0,0,0,FALSE
"AT5G22500",0,0,0,FALSE
"AT1G17840",0,0,0,FALSE
"AT4G18970",0,0,0,FALSE
"AT2G21140",0,0,0,FALSE
"AT1G70760",0,0,0,FALSE
"AT4G37800",0,0,0,FALSE
"AT5G58860",0,0,0,FALSE
"AT1G45201",0,0,0,FALSE
"AT4G11190",0,0,0,FALSE
"AT5G02565",0,0,0,FALSE
"AT5G49440",0,0,0,FALSE
"AT1G51500",0,0,0,FALSE
"AT3G47340",0,0,0,FALSE
"AT4G16990",0,0,0,FALSE
"AT3G59370",0,0,0,FALSE
"AT1G31330",0,0,0,FALSE
"AT2G38530",0,0,0,FALSE
"AT2G35370",0,0,0,FALSE
"AT3G61470",0,0,0,FALSE
"AT1G32470",0,0,0,FALSE
"AT5G38020",0,0,0,FALSE
"AT4G19510",0,0,0,FALSE
"AT1G07180",0,0,0,FALSE
"AT2G15050",0,0,0,FALSE
"AT2G31083",0,0,0,FALSE
"AT5G45820",0,0,0,FALSE
"AT1G61275",0,0,0,FALSE
"AT4G00780",0,0,0,FALSE
"AT5G18600",0,0,0,FALSE
"AT2G44130",0,0,0,FALSE
"AT3G54590",0,0,0,FALSE
"AT2G15090",0,0,0,FALSE
"AT1G52100",0,0,0,FALSE
"AT5G56380",0,0,0,FALSE
"AT3G59060",0,0,0,FALSE
"AT1G23720",0,0,0,FALSE
"AT5G51630",0,0,0,FALSE
"AT5G58770",0,0,0,FALSE
"AT1G52060",0,0,0,FALSE
"AT4G11610",0,0,0,FALSE
"AT1G61520",0,0,0,FALSE
"AT2G23540",0,0,0,FALSE
"AT5G62470",0,0,0,FALSE
"AT5G17170",0,0,0,FALSE
"AT2G05520",0,0,0,FALSE
"AT1G68190",0,0,0,FALSE
"AT3G21090",0,0,0,FALSE
"AT5G44572",0,0,0,FALSE
"AT3G26180",0,0,0,FALSE
"AT4G14905",0,0,0,FALSE
"AT3G63140",0,0,0,FALSE
"AT5G45670",0,0,0,FALSE
"AT3G15840",0,0,0,FALSE
"AT3G04290",0,0,0,FALSE
"AT2G29290",0,0,0,FALSE
"AT3G26450",0,0,0,FALSE
"AT1G64710",0,0,0,FALSE
"AT1G09310",0,0,0,FALSE
"AT1G15840",0,0,0,FALSE
"AT3G61870",0,0,0,FALSE
"AT3G28550",0,0,0,FALSE
"AT1G74470",0,0,0,FALSE
"AT1G78370",0,0,0,FALSE
"AT1G79040",0,0,0,FALSE
"AT4G36140",0,0,0,FALSE
"AT2G07599",0,0,0,FALSE
"AT5G63180",0,0,0,FALSE
"AT2G45190",0,0,0,FALSE
"AT3G51420",0,0,0,FALSE
"AT3G27990",0,0,0,FALSE
"AT5G54370",0,0,0,FALSE
"AT5G53902",0,0,0,FALSE
"AT1G06360",0,0,0,FALSE
"AT4G00180",0,0,0,FALSE
"AT2G04025",0,0,0,FALSE
"AT1G75240",0,0,0,FALSE
"AT5G51750",0,0,0,FALSE
"AT3G61700",0,0,0,FALSE
"AT5G35450",0,0,0,FALSE
"AT1G63880",0,0,0,FALSE
"AT4G14060",0,0,0,FALSE
"AT5G42825",0,0,0,FALSE
"AT4G26530",0,0,0,FALSE
"AT5G09855",0,0,0,FALSE
"AT2G26250",0,0,0,FALSE
"AT5G45070",0,0,0,FALSE
"AT1G50060",0,0,0,FALSE
"AT5G08050",0,0,0,FALSE
"AT1G18730",0,0,0,FALSE
"AT3G09270",0,0,0,FALSE
"AT1G32080",0,0,0,FALSE
"AT5G08855",0,0,0,FALSE
"AT4G20210",0,0,0,FALSE
"AT5G62340",0,0,0,FALSE
"AT1G16400",0,0,0,FALSE
"AT5G37690",0,0,0,FALSE
"AT2G29630",0,0,0,FALSE
"AT3G26512",0,0,0,FALSE
"AT3G61220",0,0,0,FALSE
"AT4G25960",0,0,0,FALSE
"AT3G26740",0,0,0,FALSE
"AT2G25510",0,0,0,FALSE
"AT5G06640",0,0,0,FALSE
"AT3G56825",0,0,0,FALSE
"AT2G26740",0,0,0,FALSE
"AT1G13620",0,0,0,FALSE
"AT5G48000",0,0,0,FALSE
"AT1G35420",0,0,0,FALSE
"AT2G39530",0,0,0,FALSE
"AT5G09660",0,0,0,FALSE
"AT5G10530",0,0,0,FALSE
"AT2G34620",0,0,0,FALSE
"AT5G53740",0,0,0,FALSE
"AT5G14200",0,0,0,FALSE
"AT3G16660",0,0,0,FALSE
"AT3G58550",0,0,0,FALSE
"AT1G52050",0,0,0,FALSE
"AT5G64770",0,0,0,FALSE
"AT4G16690",0,0,0,FALSE
"AT3G62740",0,0,0,FALSE
"AT5G54075",0,0,0,FALSE
"AT3G15670",0,0,0,FALSE
"AT2G14210",0,0,0,FALSE
"AT5G51620",0,0,0,FALSE
"AT4G28652",0,0,0,FALSE
"AT1G49130",0,0,0,FALSE
"AT5G63560",0,0,0,FALSE
"AT1G60740",0,0,0,FALSE
"AT4G04890",0,0,0,FALSE
"AT2G24755",0,0,0,FALSE
"AT5G36930",0,0,0,FALSE
"AT4G15490",0,0,0,FALSE
"AT4G02270",0,0,0,FALSE
"AT5G24210",0,0,0,FALSE
"AT1G04503",0,0,0,FALSE
"AT1G66970",0,0,0,FALSE
"AT3G16520",0,0,0,FALSE
"AT3G28320",0,0,0,FALSE
"AT2G18300",0,0,0,FALSE
"AT1G04907",0,0,0,FALSE
"AT3G51820",0,0,0,FALSE
"AT2G35260",0,0,0,FALSE
"AT5G45680",0,0,0,FALSE
"AT3G21870",0,0,0,FALSE
"AT4G24510",0,0,0,FALSE
"AT4G21750",0,0,0,FALSE
"AT2G03975",0,0,0,FALSE
"AT3G21670",0,0,0,FALSE
"AT4G12545",0,0,0,FALSE
"AT1G14120",0,0,0,FALSE
"AT1G03300",0,0,0,FALSE
"AT5G04190",0,0,0,FALSE
"AT2G07629",0,0,0,FALSE
"AT1G63860",0,0,0,FALSE
"AT1G75460",0,0,0,FALSE
"AT1G58400",0,0,0,FALSE
"AT5G04315",0,0,0,FALSE
"AT2G07749",0,0,0,FALSE
"AT5G10340",0,0,0,FALSE
"AT3G17040",0,0,0,FALSE
"AT2G41260",0,0,0,FALSE
"AT5G65410",0,0,0,FALSE
"AT3G23470",0,0,0,FALSE
"AT2G04800",0,0,0,FALSE
"AT1G78490",0,0,0,FALSE
"AT5G09585",0,0,0,FALSE
"AT5G54630",0,0,0,FALSE
"AT2G20570",0,0,0,FALSE
"AT1G21400",0,0,0,FALSE
"AT2G38390",0,0,0,FALSE
"AT1G67365",0,0,0,FALSE
"AT1G30870",0,0,0,FALSE
"AT1G64680",0,0,0,FALSE
"AT1G74500",0,0,0,FALSE
"AT5G64040",0,0,0,FALSE
"AT3G62750",0,0,0,FALSE
"AT4G35770",0,0,0,FALSE
"AT1G17285",0,0,0,FALSE
"AT1G23090",0,0,0,FALSE
"AT5G40980",0,0,0,FALSE
"AT5G23410",0,0,0,FALSE
"AT4G22666",0,0,0,FALSE
"AT5G44400",0,0,0,FALSE
"AT5G45950",0,0,0,FALSE
"AT5G24780",0,0,0,FALSE
"AT2G41440",0,0,0,FALSE
"AT2G20260",0,0,0,FALSE
"AT1G52220",0,0,0,FALSE
"AT2G18370",0,0,0,FALSE
"AT5G21430",0,0,0,FALSE
"AT1G23740",0,0,0,FALSE
"AT2G07732",0,0,0,FALSE
"AT5G28500",0,0,0,FALSE
"AT2G41940",0,0,0,FALSE
"AT3G59400",0,0,0,FALSE
"AT3G58990",0,0,0,FALSE
"AT1G19150",0,0,0,FALSE
"AT5G60530",0,0,0,FALSE
"AT1G69230",0,0,0,FALSE
"AT4G29020",0,0,0,FALSE
"AT2G07727",0,0,0,FALSE
"AT2G26695",0,0,0,FALSE
"AT4G01630",0,0,0,FALSE
"AT2G05380",0,0,0,FALSE
"AT3G55130",0,0,0,FALSE
"AT4G10240",0,0,0,FALSE
"AT4G13860",0,0,0,FALSE
"AT1G08630",0,0,0,FALSE
"AT3G17520",0,0,0,FALSE
"AT3G24650",0,0,0,FALSE
"AT1G66980",0,0,0,FALSE
"AT1G62560",0,0,0,FALSE
"AT2G05540",0,0,0,FALSE
"AT5G02160",0,0,0,FALSE
"AT5G36700",0,0,0,FALSE
"AT3G08940",0,0,0,FALSE
"AT1G25440",0,0,0,FALSE
"AT2G07695",0,0,0,FALSE
"AT4G31320",0,0,0,FALSE
"AT5G09480",0,0,0,FALSE
"AT2G08760",0,0,0,FALSE
"AT4G37410",0,0,0,FALSE
"AT1G69870",0,0,0,FALSE
"AT5G35190",0,0,0,FALSE
"AT2G29360",0,0,0,FALSE
"AT5G56860",0,0,0,FALSE
"AT4G38080",0,0,0,FALSE
"AT1G80980",0,0,0,FALSE
"AT2G04570",0,0,0,FALSE
"AT5G58330",0,0,0,FALSE
"AT5G61520",0,0,0,FALSE
"AT5G20740",0,0,0,FALSE
"AT1G67265",0,0,0,FALSE
"AT1G66940",0,0,0,FALSE
"AT1G02205",0,0,0,FALSE
"AT1G33811",0,0,0,FALSE
"AT3G07555",0,0,0,FALSE
"AT3G63540",0,0,0,FALSE
"AT4G37220",0,0,0,FALSE
"AT5G45080",0,0,0,FALSE
"AT3G16530",0,0,0,FALSE
"AT4G37925",0,0,0,FALSE
"AT5G47590",0,0,0,FALSE
"AT1G07473",0,0,0,FALSE
"AT3G47470",0,0,0,FALSE
"AT3G48720",0,0,0,FALSE
"AT3G49260",0,0,0,FALSE
"AT1G29660",0,0,0,FALSE
"AT1G58807",0,0,0,FALSE
"AT1G59124",0,0,0,FALSE
"AT5G67400",0,0,0,FALSE
"AT5G51190",0,0,0,FALSE
"AT1G42550",0,0,0,FALSE
"AT1G67330",0,0,0,FALSE
"AT2G18800",0,0,0,FALSE
"AT1G73830",0,0,0,FALSE
"AT4G02540",0,0,0,FALSE
"AT3G22670",0,0,0,FALSE
"AT5G06695",0,0,0,FALSE
"AT1G06457",0,0,0,FALSE
"AT3G21760",0,0,0,FALSE
"AT1G05680",0,0,0,FALSE
"AT5G06395",0,0,0,FALSE
"AT3G47295",0,0,0,FALSE
"AT3G49120",0,0,0,FALSE
"AT5G51720",0,0,0,FALSE
"AT1G03130",0,0,0,FALSE
"AT2G41750",0,0,0,FALSE
"AT4G13495",0,0,0,FALSE
"AT2G35830",0,0,0,FALSE
"AT2G07644",0,0,0,FALSE
"AT5G38520",0,0,0,FALSE
"AT4G12970",0,0,0,FALSE
"AT5G17820",0,0,0,FALSE
"AT1G11850",0,0,0,FALSE
"AT1G26220",0,0,0,FALSE
"AT1G04800",0,0,0,FALSE
"AT5G46690",0,0,0,FALSE
"AT4G24420",0,0,0,FALSE
"AT1G64770",0,0,0,FALSE
"AT2G16005",0,0,0,FALSE
"AT1G62360",0,0,0,FALSE
"AT1G77210",0,0,0,FALSE
"AT1G07720",0,0,0,FALSE
"AT4G22235",0,0,0,FALSE
"AT5G39520",0,0,0,FALSE
"AT1G55260",0,0,0,FALSE
"AT1G26250",0,0,0,FALSE
"AT1G35320",0,0,0,FALSE
"AT3G20470",0,0,0,FALSE
"AT3G05600",0,0,0,FALSE
"AT1G75945",0,0,0,FALSE
"AT5G40420",0,0,0,FALSE
"AT3G04320",0,0,0,FALSE
"AT1G03630",0,0,0,FALSE
"AT4G04840",0,0,0,FALSE
"AT1G73190",0,0,0,FALSE
"AT3G15240",0,0,0,FALSE
"AT4G08410",0,0,0,FALSE
"AT5G46880",0,0,0,FALSE
"AT2G46450",0,0,0,FALSE
"AT1G65370",0,0,0,FALSE
"AT2G39470",0,0,0,FALSE
"AT2G21910",0,0,0,FALSE
"AT1G15885",0,0,0,FALSE
"AT1G10640",0,0,0,FALSE
"AT4G21830",0,0,0,FALSE
"AT5G44130",0,0,0,FALSE
"AT1G52905",0,0,0,FALSE
"AT2G39850",0,0,0,FALSE
"AT5G58010",0,0,0,FALSE
"AT2G07669",0,0,0,FALSE
"AT4G01050",0,0,0,FALSE
"AT1G30550",0,0,0,FALSE
"AT2G29300",0,0,0,FALSE
"AT1G68780",0,0,0,FALSE
"AT3G19850",0,0,0,FALSE
"AT5G45690",0,0,0,FALSE
"AT2G03550",0,0,0,FALSE
"AT2G29450",0,0,0,FALSE
"AT5G56540",0,0,0,FALSE
"AT1G15890",0,0,0,FALSE
"AT5G15310",0,0,0,FALSE
"AT3G02020",0,0,0,FALSE
"AT1G60505",0,0,0,FALSE
"AT2G20520",0,0,0,FALSE
"AT1G08465",0,0,0,FALSE
"AT3G48200",0,0,0,FALSE
"AT1G04560",0,0,0,FALSE
"AT1G15980",0,0,0,FALSE
"AT1G78170",0,0,0,FALSE
"AT1G66090",0,0,0,FALSE
"AT2G21530",0,0,0,FALSE
"AT4G22755",0,0,0,FALSE
"AT3G26170",0,0,0,FALSE
"AT5G16980",0,0,0,FALSE
"AT5G09978",0,0,0,FALSE
"AT2G01090",0,0,0,FALSE
"AT1G18810",0,0,0,FALSE
"AT4G04485",0,0,0,FALSE
"AT4G19530",0,0,0,FALSE
"AT5G07180",0,0,0,FALSE
"AT1G22690",0,0,0,FALSE
"AT5G26146",0,0,0,FALSE
"AT5G46330",0,0,0,FALSE
"AT2G18328",0,0,0,FALSE
"AT4G15700",0,0,0,FALSE
"AT1G68850",0,0,0,FALSE
"AT1G12040",0,0,0,FALSE
"AT1G34844",0,0,0,FALSE
"AT4G25470",0,0,0,FALSE
"AT5G08000",0,0,0,FALSE
"AT3G49845",0,0,0,FALSE
"AT1G14440",0,0,0,FALSE
"AT5G62165",0,0,0,FALSE
"AT5G07725",0,0,0,FALSE
"AT5G18050",0,0,0,FALSE
"AT2G18150",0,0,0,FALSE
"AT5G50160",0,0,0,FALSE
"AT3G18530",0,0,0,FALSE
"AT2G02120",0,0,0,FALSE
"AT4G16515",0,0,0,FALSE
"AT4G33120",0,0,0,FALSE
"AT1G49750",0,0,0,FALSE
"AT4G25250",0,0,0,FALSE
"AT5G33355",0,0,0,FALSE
"AT4G37750",0,0,0,FALSE
"AT5G43520",0,0,0,FALSE
"AT1G45163",0,0,0,FALSE
"AT1G43790",0,0,0,FALSE
"AT1G60750",0,0,0,FALSE
"AT5G07475",0,0,0,FALSE
"AT5G48775",0,0,0,FALSE
"AT3G62680",0,0,0,FALSE
"AT3G01190",0,0,0,FALSE
"AT4G25100",0,0,0,FALSE
"AT5G23190",0,0,0,FALSE
"AT2G10931",0,0,0,FALSE
"AT1G75040",0,0,0,FALSE
"AT3G50330",0,0,0,FALSE
"AT2G35380",0,0,0,FALSE
"AT4G16957",0,0,0,FALSE
"AT3G50640",0,0,0,FALSE
"AT4G28780",0,0,0,FALSE
"AT1G63360",0,0,0,FALSE
"AT2G28630",0,0,0,FALSE
"AT3G30350",0,0,0,FALSE
"AT1G34510",0,0,0,FALSE
"AT4G12330",0,0,0,FALSE
"AT5G53870",0,0,0,FALSE
"AT1G20790",0,0,0,FALSE
"AT1G33600",0,0,0,FALSE
"AT3G53650",0,0,0,FALSE
"AT2G32540",0,0,0,FALSE
"AT1G14960",0,0,0,FALSE
"AT4G17090",0,0,0,FALSE
"AT2G25160",0,0,0,FALSE
"AT1G65860",0,0,0,FALSE
"AT4G22230",0,0,0,FALSE
"AT1G31950",0,0,0,FALSE
"AT1G78820",0,0,0,FALSE
"AT3G61010",0,0,0,FALSE
"AT1G22630",0,0,0,FALSE
"AT4G34900",0,0,0,FALSE
"AT5G04465",0,0,0,FALSE
"AT4G23590",0,0,0,FALSE
"AT3G18010",0,0,0,FALSE
"AT5G05400",0,0,0,FALSE
"AT1G02065",0,0,0,FALSE
"AT4G10060",0,0,0,FALSE
"AT4G34770",0,0,0,FALSE
"AT2G07702",0,0,0,FALSE
"AT2G34610",0,0,0,FALSE
"AT1G07887",0,0,0,FALSE
"AT2G27380",0,0,0,FALSE
"AT5G39210",0,0,0,FALSE
"AT1G64110",0,0,0,FALSE
"AT5G57550",0,0,0,FALSE
"AT3G53280",0,0,0,FALSE
"AT5G57240",0,0,0,FALSE
"AT1G74880",0,0,0,FALSE
"AT4G15690",0,0,0,FALSE
"AT2G07798",0,0,0,FALSE
"AT5G56850",0,0,0,FALSE
"AT4G34250",0,0,0,FALSE
"AT5G22470",0,0,0,FALSE
"AT3G63255",0,0,0,FALSE
"AT1G73870",0,0,0,FALSE
"AT2G36800",0,0,0,FALSE
"AT1G52890",0,0,0,FALSE
"AT1G78460",0,0,0,FALSE
"AT2G05310",0,0,0,FALSE
"AT4G26320",0,0,0,FALSE
"AT3G24140",0,0,0,FALSE
"AT3G10710",0,0,0,FALSE
"AT1G03600",0,0,0,FALSE
"AT3G02245",0,0,0,FALSE
"AT5G53660",0,0,0,FALSE
"AT1G51805",0,0,0,FALSE
"AT1G05660",0,0,0,FALSE
"AT1G18020",0,0,0,FALSE
"AT5G22860",0,0,0,FALSE
"AT5G06870",0,0,0,FALSE
"AT1G04233",0,0,0,FALSE
"AT2G25810",0,0,0,FALSE
"AT5G60970",0,0,0,FALSE
"AT3G06390",0,0,0,FALSE
"AT1G07440",0,0,0,FALSE
"AT1G66270",0,0,0,FALSE
"AT5G24160",0,0,0,FALSE
"AT1G54780",0,0,0,FALSE
"AT1G33750",0,0,0,FALSE
"AT4G22212",0,0,0,FALSE
"AT3G25930",0,0,0,FALSE
"AT5G47950",0,0,0,FALSE
"AT1G57770",0,0,0,FALSE
"AT1G26255",0,0,0,FALSE
"AT4G27160",0,0,0,FALSE
"AT2G07671",0,0,0,FALSE
"AT2G26580",0,0,0,FALSE
"AT2G37970",0,0,0,FALSE
"AT5G46110",0,0,0,FALSE
"AT1G65190",0,0,0,FALSE
"AT4G25990",0,0,0,FALSE
"AT2G41310",0,0,0,FALSE
"AT5G19600",0,0,0,FALSE
"AT3G44430",0,0,0,FALSE
"AT3G46845",0,0,0,FALSE
"AT2G07659",0,0,0,FALSE
"AT1G19900",0,0,0,FALSE
"AT1G21130",0,0,0,FALSE
"AT5G38990",0,0,0,FALSE
"AT1G74055",0,0,0,FALSE
"AT3G44550",0,0,0,FALSE
"AT2G44920",0,0,0,FALSE
"AT4G08870",0,0,0,FALSE
"AT5G19940",0,0,0,FALSE
"AT5G66400",0,0,0,FALSE
"AT3G03190",0,0,0,FALSE
"AT5G13770",0,0,0,FALSE
"AT1G22430",0,0,0,FALSE
"AT3G29644",0,0,0,FALSE
"AT3G46490",0,0,0,FALSE
"AT4G24540",0,0,0,FALSE
"AT5G18060",0,0,0,FALSE
"AT1G14150",0,0,0,FALSE
"AT1G07323",0,0,0,FALSE
"AT1G56510",0,0,0,FALSE
"AT1G26380",0,0,0,FALSE
"AT3G54600",0,0,0,FALSE
"AT5G09520",0,0,0,FALSE
"AT4G26010",0,0,0,FALSE
"AT3G56350",0,0,0,FALSE
"AT2G03830",0,0,0,FALSE
"AT1G50520",0,0,0,FALSE
"AT4G17810",0,0,0,FALSE
"AT2G44110",0,0,0,FALSE
"AT1G02800",0,0,0,FALSE
"AT1G60525",0,0,0,FALSE
"AT1G26761",0,0,0,FALSE
"AT3G21790",0,0,0,FALSE
"AT4G09010",0,0,0,FALSE
"AT5G01835",0,0,0,FALSE
"AT5G49740",0,0,0,FALSE
"AT2G23840",0,0,0,FALSE
"AT5G38000",0,0,0,FALSE
"AT3G27400",0,0,0,FALSE
"AT5G46240",0,0,0,FALSE
"AT1G09797",0,0,0,FALSE
"AT2G35820",0,0,0,FALSE
"AT4G39363",0,0,0,FALSE
"AT1G10585",0,0,0,FALSE
"AT2G15220",0,0,0,FALSE
"AT3G20590",0,0,0,FALSE
"AT4G08150",0,0,0,FALSE
"AT3G20395",0,0,0,FALSE
"AT2G45430",0,0,0,FALSE
"AT1G58602",0,0,0,FALSE
"AT1G38065",0,0,0,FALSE
"AT3G61210",0,0,0,FALSE
"AT5G13910",0,0,0,FALSE
"AT2G03720",0,0,0,FALSE
"AT1G45474",0,0,0,FALSE
"AT1G49430",0,0,0,FALSE
"AT1G63295",0,0,0,FALSE
"AT4G15630",0,0,0,FALSE
"AT5G50740",0,0,0,FALSE
"AT4G12990",0,0,0,FALSE
"AT2G34490",0,0,0,FALSE
"AT5G56370",0,0,0,FALSE
"AT4G21445",0,0,0,FALSE
"AT2G21840",0,0,0,FALSE
"AT3G61890",0,0,0,FALSE
"AT1G22880",0,0,0,FALSE
"AT4G14695",0,0,0,FALSE
"AT4G36610",0,0,0,FALSE
"AT5G49350",0,0,0,FALSE
"AT4G11880",0,0,0,FALSE
"AT3G54530",0,0,0,FALSE
"AT2G26330",0,0,0,FALSE
"AT2G26820",0,0,0,FALSE
"AT2G27000",0,0,0,FALSE
"AT3G22500",0,0,0,FALSE
"AT5G09065",0,0,0,FALSE
"AT5G18080",0,0,0,FALSE
"AT1G74460",0,0,0,FALSE
"AT5G04120",0,0,0,FALSE
"AT2G08635",0,0,0,FALSE
"AT4G39510",0,0,0,FALSE
"AT1G64900",0,0,0,FALSE
"AT2G01610",0,0,0,FALSE
"AT4G07855",0,0,0,FALSE
"AT2G07825",0,0,0,FALSE
"AT1G12013",0,0,0,FALSE
"AT2G07648",0,0,0,FALSE
"AT5G66190",0,0,0,FALSE
"AT5G18010",0,0,0,FALSE
"AT3G48740",0,0,0,FALSE
"AT5G67060",0,0,0,FALSE
"AT3G47420",0,0,0,FALSE
"AT2G12646",0,0,0,FALSE
"AT1G19670",0,0,0,FALSE
"AT5G64940",0,0,0,FALSE
"AT4G30420",0,0,0,FALSE
"AT3G13435",0,0,0,FALSE
"AT5G47110",0,0,0,FALSE
"AT5G54250",0,0,0,FALSE
"AT1G20850",0,0,0,FALSE
"AT2G05620",0,0,0,FALSE
"AT2G07692",0,0,0,FALSE
"AT3G14530",0,0,0,FALSE
"AT1G17420",0,0,0,FALSE
"AT1G15125",0,0,0,FALSE
"AT2G07691",0,0,0,FALSE
"AT4G13620",0,0,0,FALSE
"AT5G18030",0,0,0,FALSE
"AT3G20940",0,0,0,FALSE
"AT5G09970",0,0,0,FALSE
"AT1G70890",0,0,0,FALSE
"AT5G15850",0,0,0,FALSE
"AT4G23300",0,0,0,FALSE
"AT1G49975",0,0,0,FALSE
"AT1G68825",0,0,0,FALSE
"AT3G23175",0,0,0,FALSE
"AT4G34830",0,0,0,FALSE
"AT5G50565",0,0,0,FALSE
"AT4G07825",0,0,0,FALSE
"AT3G62410",0,0,0,FALSE
"AT1G34670",0,0,0,FALSE
"AT4G33880",0,0,0,FALSE
"AT3G50560",0,0,0,FALSE
"AT5G01530",0,0,0,FALSE
"AT1G01390",0,0,0,FALSE
"AT4G38840",0,0,0,FALSE
"AT5G40020",0,0,0,FALSE
"AT5G38030",0,0,0,FALSE
"AT4G24120",0,0,0,FALSE
"AT1G18970",0,0,0,FALSE
"AT5G42580",0,0,0,FALSE
"AT3G46530",0,0,0,FALSE
"AT2G07672",0,0,0,FALSE
"AT4G24660",0,0,0,FALSE
"AT5G47610",0,0,0,FALSE
"AT2G19572",0,0,0,FALSE
"AT1G62540",0,0,0,FALSE
"AT1G19610",0,0,0,FALSE
"AT3G24020",0,0,0,FALSE
"AT4G14440",0,0,0,FALSE
"AT5G43040",0,0,0,FALSE
"AT5G13730",0,0,0,FALSE
"AT1G27480",0,0,0,FALSE
"AT3G05945",0,0,0,FALSE
"AT2G28990",0,0,0,FALSE
"AT2G44220",0,0,0,FALSE
"AT1G63350",0,0,0,FALSE
"AT3G47675",0,0,0,FALSE
"AT1G49030",0,0,0,FALSE
"AT2G32270",0,0,0,FALSE
"AT5G42510",0,0,0,FALSE
"AT5G50100",0,0,0,FALSE
"AT1G56520",0,0,0,FALSE
"AT1G72030",0,0,0,FALSE
"AT5G53880",0,0,0,FALSE
"AT5G41280",0,0,0,FALSE
"AT2G34810",0,0,0,FALSE
"AT5G39530",0,0,0,FALSE
"AT1G65390",0,0,0,FALSE
"AT5G51500",0,0,0,FALSE
"AT5G66690",0,0,0,FALSE
"AT3G09220",0,0,0,FALSE
"AT2G14080",0,0,0,FALSE
"AT1G76080",0,0,0,FALSE
"AT3G02765",0,0,0,FALSE
"AT5G58260",0,0,0,FALSE
"AT5G03965",0,0,0,FALSE
"AT5G24100",0,0,0,FALSE
"AT3G24929",0,0,0,FALSE
"AT4G08555",0,0,0,FALSE
"AT4G00080",0,0,0,FALSE
"AT3G29250",0,0,0,FALSE
"AT1G35250",0,0,0,FALSE
"AT5G24410",0,0,0,FALSE
"AT5G03185",0,0,0,FALSE
"AT2G07643",0,0,0,FALSE
"AT2G29310",0,0,0,FALSE
"AT2G16890",0,0,0,FALSE
"AT5G52100",0,0,0,FALSE
"AT5G53210",0,0,0,FALSE
"AT2G07673",0,0,0,FALSE
"AT3G29410",0,0,0,FALSE
"AT3G22570",0,0,0,FALSE
"AT3G11370",0,0,0,FALSE
"AT1G05260",0,0,0,FALSE
"AT1G76100",0,0,0,FALSE
"AT5G61420",0,0,0,FALSE
"AT3G44540",0,0,0,FALSE
"AT5G43450",0,0,0,FALSE
"AT3G19800",0,0,0,FALSE
"AT1G64920",0,0,0,FALSE
"AT5G46520",0,0,0,FALSE
"AT1G09500",0,0,0,FALSE
"AT1G78970",0,0,0,FALSE
"AT3G18320",0,0,0,FALSE
"AT5G42590",0,0,0,FALSE
"AT1G55480",0,0,0,FALSE
"AT4G36850",0,0,0,FALSE
"AT2G47240",0,0,0,FALSE
"AT4G28410",0,0,0,FALSE
"AT3G24750",0,0,0,FALSE
"AT2G41340",0,0,0,FALSE
"AT5G13580",0,0,0,FALSE
"AT1G65985",0,0,0,FALSE
"AT2G05075",0,0,0,FALSE
"AT3G51510",0,0,0,FALSE
"AT1G78340",0,0,0,FALSE
"AT5G55110",0,0,0,FALSE
"AT1G28010",0,0,0,FALSE
"AT4G07820",0,0,0,FALSE
"AT1G72645",0,0,0,FALSE
"AT1G79160",0,0,0,FALSE
"AT2G07661",0,0,0,FALSE
"AT1G13930",0,0,0,FALSE
"AT1G50250",0,0,0,FALSE
"AT2G43880",0,0,0,FALSE
"AT2G30340",0,0,0,FALSE
"AT4G07070",0,0,0,FALSE
"AT1G20620",0,0,0,FALSE
"AT5G39860",0,0,0,FALSE
"AT5G08865",0,0,0,FALSE
"AT5G19220",0,0,0,FALSE
"AT5G02760",0,0,0,FALSE
"AT3G13960",0,0,0,FALSE
"AT4G19380",0,0,0,FALSE
"AT1G61800",0,0,0,FALSE
"AT2G37360",0,0,0,FALSE
"AT1G52827",0,0,0,FALSE
"AT1G64500",0,0,0,FALSE
"AT2G48130",0,0,0,FALSE
"AT4G04570",0,0,0,FALSE
"AT3G01420",0,0,0,FALSE
"AT4G35160",0,0,0,FALSE
"AT1G29510",0,0,0,FALSE
"AT4G23496",0,0,0,FALSE
"AT5G14150",0,0,0,FALSE
"AT3G49240",0,0,0,FALSE
"AT3G62820",0,0,0,FALSE
"AT2G03310",0,0,0,FALSE
"AT4G26520",0,0,0,FALSE
"AT5G13900",0,0,0,FALSE
"AT5G38005",0,0,0,FALSE
"AT2G22980",0,0,0,FALSE
"AT1G23950",0,0,0,FALSE
"AT5G47980",0,0,0,FALSE
"AT2G46720",0,0,0,FALSE
"AT2G08860",0,0,0,FALSE
"AT2G01880",0,0,0,FALSE
"AT3G16770",0,0,0,FALSE
"AT4G18510",0,0,0,FALSE
"AT3G19920",0,0,0,FALSE
"AT1G14240",0,0,0,FALSE
"AT4G24972",0,0,0,FALSE
"AT2G46870",0,0,0,FALSE
"AT1G62975",0,0,0,FALSE
"AT2G26910",0,0,0,FALSE
"AT4G22214",0,0,0,FALSE
"AT4G18390",0,0,0,FALSE
"AT1G48510",0,0,0,FALSE
"AT2G33050",0,0,0,FALSE
"AT4G26150",0,0,0,FALSE
"AT4G16410",0,0,0,FALSE
"AT2G15080",0,0,0,FALSE
"AT1G66470",0,0,0,FALSE
"AT1G76800",0,0,0,FALSE
"AT5G43580",0,0,0,FALSE
"AT1G53887",0,0,0,FALSE
"AT2G40370",0,0,0,FALSE
"AT5G03570",0,0,0,FALSE
"AT1G56320",0,0,0,FALSE
"AT3G11430",0,0,0,FALSE
"AT4G13290",0,0,0,FALSE
"AT3G25830",0,0,0,FALSE
"AT3G12965",0,0,0,FALSE
"AT3G25820",0,0,0,FALSE
"AT2G30540",0,0,0,FALSE
"AT4G37760",0,0,0,FALSE
"AT5G47380",0,0,0,FALSE
"AT4G09600",0,0,0,FALSE
"AT4G18220",0,0,0,FALSE
"AT3G50400",0,0,0,FALSE
"AT4G15530",0,0,0,FALSE
"AT5G43470",0,0,0,FALSE
"AT2G24820",0,0,0,FALSE
"AT4G23290",0,0,0,FALSE
"AT2G48140",0,0,0,FALSE
"AT2G07676",0,0,0,FALSE
"AT2G07638",0,0,0,FALSE
"AT1G32560",0,0,0,FALSE
"AT1G08980",0,0,0,FALSE
"AT1G75900",0,0,0,FALSE
"AT2G28960",0,0,0,FALSE
"AT3G04570",0,0,0,FALSE
"AT3G56290",0,0,0,FALSE
"AT2G35270",0,0,0,FALSE
"AT5G16970",0,0,0,FALSE
"AT3G25790",0,0,0,FALSE
"AT3G18400",0,0,0,FALSE
"AT4G00670",0,0,0,FALSE
"AT3G25760",0,0,0,FALSE
"AT1G30250",0,0,0,FALSE
"AT5G43403",0,0,0,FALSE
"AT4G22810",0,0,0,FALSE
"AT4G06705",0,0,0,FALSE
"AT1G69880",0,0,0,FALSE
"AT4G10020",0,0,0,FALSE
"AT5G14330",0,0,0,FALSE
"AT3G57950",0,0,0,FALSE
"AT1G50732",0,0,0,FALSE
"AT1G09340",0,0,0,FALSE
"AT3G13784",0,0,0,FALSE
"AT5G25040",0,0,0,FALSE
"AT4G15330",0,0,0,FALSE
"AT5G35940",0,0,0,FALSE
"AT5G50915",0,0,0,FALSE
"AT2G13360",0,0,0,FALSE
"AT2G29620",0,0,0,FALSE
"AT2G47400",0,0,0,FALSE
"AT5G40510",0,0,0,FALSE
"AT4G05631",0,0,0,FALSE
"AT1G64590",0,0,0,FALSE
"AT5G50665",0,0,0,FALSE
"AT2G29750",0,0,0,FALSE
"AT4G36870",0,0,0,FALSE
"AT3G12240",0,0,0,FALSE
"AT2G15960",0,0,0,FALSE
"AT5G42500",0,0,0,FALSE
"AT1G66700",0,0,0,FALSE
"AT5G17860",0,0,0,FALSE
"AT1G29440",0,0,0,FALSE
"AT5G59600",0,0,0,FALSE
"AT2G02450",0,0,0,FALSE
"AT3G53960",0,0,0,FALSE
"AT5G09980",0,0,0,FALSE
"AT2G42610",0,0,0,FALSE
"AT4G38825",0,0,0,FALSE
"AT2G18980",0,0,0,FALSE
"AT4G38932",0,0,0,FALSE
"AT4G13580",0,0,0,FALSE
"AT1G19968",0,0,0,FALSE
"AT5G24640",0,0,0,FALSE
"AT2G24400",0,0,0,FALSE
"AT4G22710",0,0,0,FALSE
"AT4G15670",0,0,0,FALSE
"AT1G06227",0,0,0,FALSE
"AT2G32530",0,0,0,FALSE
"AT5G11060",0,0,0,FALSE
"AT4G22080",0,0,0,FALSE
"AT4G37310",0,0,0,FALSE
"AT1G63540",0,0,0,FALSE
"AT5G46490",0,0,0,FALSE
"AT5G35660",0,0,0,FALSE
"AT3G26060",0,0,0,FALSE
"AT3G51400",0,0,0,FALSE
"AT2G07775",0,0,0,FALSE
"AT4G33070",0,0,0,FALSE
"AT2G02630",0,0,0,FALSE
"AT2G05185",0,0,0,FALSE
"AT5G62330",0,0,0,FALSE
"AT2G27740",0,0,0,FALSE
"AT5G54020",0,0,0,FALSE
"AT1G12740",0,0,0,FALSE
"AT5G36120",0,0,0,FALSE
"AT5G10230",0,0,0,FALSE
"AT5G45115",0,0,0,FALSE
"AT4G33550",0,0,0,FALSE
"AT3G21520",0,0,0,FALSE
"AT2G40205",0,0,0,FALSE
"AT1G06120",0,0,0,FALSE
"AT3G47600",0,0,0,FALSE
"AT3G10120",0,0,0,FALSE
"AT5G53820",0,0,0,FALSE
"AT3G24210",0,0,0,FALSE
"AT4G01910",0,0,0,FALSE
"AT1G29430",0,0,0,FALSE
"AT5G44460",0,0,0,FALSE
"AT1G69700",0,0,0,FALSE
"AT5G01765",0,0,0,FALSE
"AT1G06475",0,0,0,FALSE
"AT2G21960",0,0,0,FALSE
"AT2G36792",0,0,0,FALSE
"AT5G28442",0,0,0,FALSE
"AT1G75690",0,0,0,FALSE
"AT3G47200",0,0,0,FALSE
"AT5G22390",0,0,0,FALSE
"AT2G23240",0,0,0,FALSE
"AT1G13590",0,0,0,FALSE
"AT3G27200",0,0,0,FALSE
"AT3G07425",0,0,0,FALSE
"AT4G12050",0,0,0,FALSE
"AT4G36515",0,0,0,FALSE
"AT5G03120",0,0,0,FALSE
"AT2G35130",0,0,0,FALSE
"AT5G10435",0,0,0,FALSE
"AT1G54820",0,0,0,FALSE
"AT5G04970",0,0,0,FALSE
"AT3G62950",0,0,0,FALSE
"AT4G25400",0,0,0,FALSE
"AT1G06283",0,0,0,FALSE
"AT1G17300",0,0,0,FALSE
"AT2G47880",0,0,0,FALSE
"AT4G04185",0,0,0,FALSE
"AT4G04750",0,0,0,FALSE
"AT1G49960",0,0,0,FALSE
"AT5G43540",0,0,0,FALSE
"AT1G71692",0,0,0,FALSE
"AT5G51580",0,0,0,FALSE
"AT2G40080",0,0,0,FALSE
"AT2G08340",0,0,0,FALSE
"AT4G00700",0,0,0,FALSE
"AT1G08592",0,0,0,FALSE
"AT5G44920",0,0,0,FALSE
"AT1G17200",0,0,0,FALSE
"AT5G45480",0,0,0,FALSE
"AT1G32540",0,0,0,FALSE
"AT5G39030",0,0,0,FALSE
"AT5G50300",0,0,0,FALSE
"AT4G07455",0,0,0,FALSE
"AT3G63160",0,0,0,FALSE
"AT2G02840",0,0,0,FALSE
"AT1G32900",0,0,0,FALSE
"AT5G06845",0,0,0,FALSE
"AT3G47040",0,0,0,FALSE
"AT1G06930",0,0,0,FALSE
"AT1G61840",0,0,0,FALSE
"AT3G61270",0,0,0,FALSE
"AT5G49270",0,0,0,FALSE
"AT3G03500",0,0,0,FALSE
"AT2G46650",0,0,0,FALSE
"AT4G13395",0,0,0,FALSE
"AT2G41280",0,0,0,FALSE
"AT5G53990",0,0,0,FALSE
"AT5G27100",0,0,0,FALSE
"AT2G24610",0,0,0,FALSE
"AT4G00360",0,0,0,FALSE
"AT5G42090",0,0,0,FALSE
"AT5G06730",0,0,0,FALSE
"AT5G48770",0,0,0,FALSE
"AT5G45220",0,0,0,FALSE
"AT3G01440",0,0,0,FALSE
"AT5G52190",0,0,0,FALSE
"AT4G13310",0,0,0,FALSE
"AT1G04110",0,0,0,FALSE
"AT1G69730",0,0,0,FALSE
"AT4G37940",0,0,0,FALSE
"AT1G14080",0,0,0,FALSE
"AT1G29450",0,0,0,FALSE
"AT3G52900",0,0,0,FALSE
"AT5G58780",0,0,0,FALSE
"AT2G36145",0,0,0,FALSE
"AT1G62630",0,0,0,FALSE
"AT5G45210",0,0,0,FALSE
"AT3G21080",0,0,0,FALSE
"AT1G70880",0,0,0,FALSE
"AT4G33220",0,0,0,FALSE
"AT5G42092",0,0,0,FALSE
"AT5G08150",0,0,0,FALSE
"AT3G16250",0,0,0,FALSE
"AT3G49160",0,0,0,FALSE
"AT1G10960",0,0,0,FALSE
"AT5G50130",0,0,0,FALSE
"AT1G16260",0,0,0,FALSE
"AT3G22415",0,0,0,FALSE
"AT5G15160",0,0,0,FALSE
"AT2G39250",0,0,0,FALSE
"AT4G37150",0,0,0,FALSE
"AT5G45830",0,0,0,FALSE
"AT1G68570",0,0,0,FALSE
"AT5G03310",0,0,0,FALSE
"AT5G36180",0,0,0,FALSE
"AT4G14040",0,0,0,FALSE
"AT1G54540",0,0,0,FALSE
"AT1G18140",0,0,0,FALSE
"AT5G54040",0,0,0,FALSE
"AT4G24310",0,0,0,FALSE
"AT2G16230",0,0,0,FALSE
"AT2G39040",0,0,0,FALSE
"AT1G80970",0,0,0,FALSE
"AT4G19680",0,0,0,FALSE
"AT2G14285",0,0,0,FALSE
"AT2G20080",0,0,0,FALSE
"AT4G12030",0,0,0,FALSE
"AT2G17080",0,0,0,FALSE
"AT1G77090",0,0,0,FALSE
"AT3G26612",0,0,0,FALSE
"AT5G26290",0,0,0,FALSE
"AT4G13235",0,0,0,FALSE
"AT1G78520",0,0,0,FALSE
"AT5G44578",0,0,0,FALSE
"AT5G43030",0,0,0,FALSE
"AT1G77270",0,0,0,FALSE
"AT5G14340",0,0,0,FALSE
"AT1G06645",0,0,0,FALSE
"AT1G51430",0,0,0,FALSE
"AT2G07714",0,0,0,FALSE
"AT5G55450",0,0,0,FALSE
"AT4G37770",0,0,0,FALSE
"AT2G19910",0,0,0,FALSE
"AT2G25450",0,0,0,FALSE
"AT2G47520",0,0,0,FALSE
"AT3G49620",0,0,0,FALSE
"AT1G55370",0,0,0,FALSE
"AT1G79075",0,0,0,FALSE
"AT5G45970",0,0,0,FALSE
"AT4G23890",0,0,0,FALSE
"AT4G38420",0,0,0,FALSE
"AT4G27657",0,0,0,FALSE
"AT5G06839",0,0,0,FALSE
"AT3G59340",0,0,0,FALSE
"AT4G32280",0,0,0,FALSE
"AT3G55630",0,0,0,FALSE
"AT3G57770",0,0,0,FALSE
"AT1G69160",0,0,0,FALSE
"AT5G45490",0,0,0,FALSE
"AT1G67030",0,0,0,FALSE
"AT1G65150",0,0,0,FALSE
"AT5G57760",0,0,0,FALSE
"AT1G49700",0,0,0,FALSE
"AT5G10580",0,0,0,FALSE
"AT3G23450",0,0,0,FALSE
"AT5G24313",0,0,0,FALSE
"AT4G28740",0,0,0,FALSE
"AT1G23935",0,0,0,FALSE
"AT2G14100",0,0,0,FALSE
"AT5G18020",0,0,0,FALSE
"AT1G34040",0,0,0,FALSE
"AT2G14580",0,0,0,FALSE
"AT3G16400",0,0,0,FALSE
"AT3G29630",0,0,0,FALSE
"AT5G62490",0,0,0,FALSE
"AT1G11280",0,0,0,FALSE
"AT2G42690",0,0,0,FALSE
"AT5G24880",0,0,0,FALSE
"AT4G18290",0,0,0,FALSE
"AT3G01490",0,0,0,FALSE
"AT5G59310",0,0,0,FALSE
"AT3G61118",0,0,0,FALSE
"AT4G15290",0,0,0,FALSE
"AT1G65800",0,0,0,FALSE
"AT3G02110",0,0,0,FALSE
"AT4G09900",0,0,0,FALSE
"AT4G23990",0,0,0,FALSE
"AT2G41730",0,0,0,FALSE
"AT3G02885",0,0,0,FALSE
"AT4G21326",0,0,0,FALSE
"AT2G34840",0,0,0,FALSE
"AT3G27884",0,0,0,FALSE
"AT2G01008",0,0,0,FALSE
"AT2G45560",0,0,0,FALSE
"AT3G44070",0,0,0,FALSE
"AT3G61250",0,0,0,FALSE
"AT5G08835",0,0,0,FALSE
"AT3G09260",0,0,0,FALSE
"AT4G16983",0,0,0,FALSE
"AT2G20515",0,0,0,FALSE
"AT4G37400",0,0,0,FALSE
"AT4G15340",0,0,0,FALSE
"AT2G17070",0,0,0,FALSE
"AT1G14630",0,0,0,FALSE
"AT2G33320",0,0,0,FALSE
"AT1G78865",0,0,0,FALSE
"AT5G55240",0,0,0,FALSE
"AT3G50970",0,0,0,FALSE
"AT1G07880",0,0,0,FALSE
"AT3G05625",0,0,0,FALSE
"AT4G28890",0,0,0,FALSE
"AT5G63600",0,0,0,FALSE
"AT1G08990",0,0,0,FALSE
"AT2G33160",0,0,0,FALSE
"AT1G66280",0,0,0,FALSE
"AT1G61590",0,0,0,FALSE
"AT2G07667",0,0,0,FALSE
"AT4G22610",0,0,0,FALSE
"AT4G21210",0,0,0,FALSE
"AT3G20840",0,0,0,FALSE
"AT2G36770",0,0,0,FALSE
"AT1G10070",0,0,0,FALSE
"AT5G19410",0,0,0,FALSE
"AT5G36800",0,0,0,FALSE
"AT3G60150",0,0,0,FALSE
"AT2G01755",0,0,0,FALSE
"AT3G62460",0,0,0,FALSE
"AT1G52870",0,0,0,FALSE
"AT1G54260",0,0,0,FALSE
"AT5G44569",0,0,0,FALSE
"AT2G08730",0,0,0,FALSE
"AT1G15830",0,0,0,FALSE
"AT1G68590",0,0,0,FALSE
"AT1G05280",0,0,0,FALSE
"AT1G49010",0,0,0,FALSE
"AT1G30530",0,0,0,FALSE
"AT1G58590",0,0,0,FALSE
"AT1G73300",0,0,0,FALSE
"AT1G65230",0,0,0,FALSE
"AT5G20550",0,0,0,FALSE
"AT2G23630",0,0,0,FALSE
"AT4G35350",0,0,0,FALSE
"AT5G07040",0,0,0,FALSE
"AT5G64100",0,0,0,FALSE
"AT5G51060",0,0,0,FALSE
"AT1G29500",0,0,0,FALSE
"AT1G58410",0,0,0,FALSE
"AT2G07772",0,0,0,FALSE
"AT5G41570",0,0,0,FALSE
"AT2G19970",0,0,0,FALSE
"AT2G03980",0,0,0,FALSE
"AT2G23180",0,0,0,FALSE
"AT5G41740",0,0,0,FALSE
"AT2G17972",0,0,0,FALSE
"AT5G50175",0,0,0,FALSE
"AT1G22250",0,0,0,FALSE
"AT4G01740",0,0,0,FALSE
"AT4G36250",0,0,0,FALSE
"AT1G50560",0,0,0,FALSE
"AT4G01920",0,0,0,FALSE
"AT1G52510",0,0,0,FALSE
"AT4G01240",0,0,0,FALSE
"AT1G24430",0,0,0,FALSE
"AT3G54630",0,0,0,FALSE
"AT2G16980",0,0,0,FALSE
"AT5G48780",0,0,0,FALSE
"AT3G22420",0,0,0,FALSE
"AT1G49245",0,0,0,FALSE
"AT1G56150",0,0,0,FALSE
"AT4G09350",0,0,0,FALSE
"AT1G61300",0,0,0,FALSE
"AT1G33280",0,0,0,FALSE
"AT1G26780",0,0,0,FALSE
"AT4G03540",0,0,0,FALSE
"AT2G42170",0,0,0,FALSE
"AT3G04690",0,0,0,FALSE
"AT4G16980",0,0,0,FALSE
"AT5G07690",0,0,0,FALSE
"AT2G30424",0,0,0,FALSE
"AT3G57780",0,0,0,FALSE
"AT5G38350",0,0,0,FALSE
"AT4G31805",0,0,0,FALSE
"AT5G66052",0,0,0,FALSE
"AT4G19980",0,0,0,FALSE
"AT3G51030",0,0,0,FALSE
"AT3G25013",0,0,0,FALSE
"AT5G45475",0,0,0,FALSE
"AT5G58750",0,0,0,FALSE
"AT2G21045",0,0,0,FALSE
"AT1G62030",0,0,0,FALSE
"AT4G28080",0,0,0,FALSE
"AT1G26700",0,0,0,FALSE
"AT1G60590",0,0,0,FALSE
"AT3G54830",0,0,0,FALSE
"AT1G68500",0,0,0,FALSE
"AT5G57345",0,0,0,FALSE
"AT3G14760",0,0,0,FALSE
"AT4G13540",0,0,0,FALSE
"AT3G09940",0,0,0,FALSE
"AT4G02420",0,0,0,FALSE
"AT2G22920",0,0,0,FALSE
"AT5G42680",0,0,0,FALSE
"AT3G56630",0,0,0,FALSE
"AT1G10480",0,0,0,FALSE
"AT3G47430",0,0,0,FALSE
"AT2G46140",0,0,0,FALSE
"AT3G47360",0,0,0,FALSE
"AT4G34190",0,0,0,FALSE
"AT5G10150",0,0,0,FALSE
"AT4G35440",0,0,0,FALSE
"AT5G66985",0,0,0,FALSE
