gene,alias,celltype,mean_expr,pct_expr
AT4G17615,CBL1,Epidermal,0.05851278826594353,2.906462850309364
AT4G17615,CBL1,Mesophyll,0.04637414216995239,2.648475120385233
AT4G17615,CBL1,Stele,0.047750599682331085,2.5235849056603774
AT4G17615,CBL1,Meristematic,0.05251159518957138,3.357142857142857
AT4G17615,CBL1,Guard,0.013677749782800674,1.1235955056179776
AT4G17615,CBL1,ALL,0.05251186341047287,2.800503461296413
AT5G47100,CBL9,Epidermal,0.04810392111539841,2.3709249727031665
AT5G47100,CBL9,Mesophyll,0.044159941375255585,2.4411449973247725
AT5G47100,CBL9,Stele,0.043601684272289276,2.2641509433962264
AT5G47100,CBL9,Meristematic,0.04181162267923355,2.7142857142857144
AT5G47100,CBL9,Guard,0.01216846238821745,1.1235955056179776
AT5G47100,CBL9,ALL,0.04571062698960304,2.4059640799728905
AT5G55990,CBL2,Epidermal,0.053500156849622726,2.6828887849009515
AT5G55990,CBL2,Mesophyll,0.061297379434108734,3.3640984483681113
AT5G55990,CBL2,Stele,0.048995573073625565,2.547169811320755
AT5G55990,CBL2,Meristematic,0.05785313621163368,3.607142857142857
AT5G55990,CBL2,Guard,0.1018943041563034,5.617977528089887
AT5G55990,CBL2,ALL,0.05625903233885765,2.9844604734472577
AT1G30270,CIPK23,Epidermal,0.3038231432437897,14.111163105079811
AT1G30270,CIPK23,Mesophyll,0.23161715269088745,12.332798287854468
AT1G30270,CIPK23,Stele,0.2774776518344879,13.93867924528302
AT1G30270,CIPK23,Meristematic,0.27202415466308594,15.357142857142858
AT1G30270,CIPK23,Guard,0.33260878920555115,20.224719101123593
AT1G30270,CIPK23,ALL,0.27289408445358276,13.547465750108923
AT3G17510,CIPK1,Epidermal,0.46207424998283386,21.177143451359644
AT3G17510,CIPK1,Mesophyll,0.42102718353271484,20.846709470304976
AT3G17510,CIPK1,Stele,0.40197983384132385,19.81132075471698
AT3G17510,CIPK1,Meristematic,0.4163104295730591,22.892857142857142
AT3G17510,CIPK1,Guard,0.3376217782497406,17.97752808988764
AT3G17510,CIPK1,ALL,0.43768173456192017,21.026770586241952
AT1G01140,CIPK9,Epidermal,0.38103562593460083,18.03670774190194
AT1G01140,CIPK9,Mesophyll,0.480010449886322,23.187533440342428
AT1G01140,CIPK9,Stele,0.3973809480667114,19.882075471698112
AT1G01140,CIPK9,Meristematic,0.3907388746738434,21.107142857142858
AT1G01140,CIPK9,Guard,0.3406238853931427,16.853932584269664
AT1G01140,CIPK9,ALL,0.4191037714481354,20.295783511642544
AT1G76650,CML38,Epidermal,0.011387748643755913,0.5719336556959392
AT1G76650,CML38,Mesophyll,0.01756937801837921,1.0232744783306582
AT1G76650,CML38,Stele,0.014197077602148056,0.8018867924528302
AT1G76650,CML38,Meristematic,0.03392010182142258,1.9285714285714284
AT1G76650,CML38,Guard,0.0,0.0
AT1G76650,CML38,ALL,0.01541583426296711,0.8495909376966646
AT4G20780,CML42,Epidermal,0.017267273738980293,0.8579004835439089
AT4G20780,CML42,Mesophyll,0.011302183382213116,0.6955591225254146
AT4G20780,CML42,Stele,0.012576653622090816,0.6603773584905661
AT4G20780,CML42,Meristematic,0.01649571768939495,1.107142857142857
AT4G20780,CML42,Guard,0.0,0.0
AT4G20780,CML42,ALL,0.014537559822201729,0.7939197366510142
AT5G37770,CML24,Epidermal,0.07776979357004166,3.878750064992461
AT5G37770,CML24,Mesophyll,0.0624457411468029,3.584804708400214
AT5G37770,CML24,Stele,0.06428212672472,3.4669811320754715
AT5G37770,CML24,Meristematic,0.11979569494724274,6.821428571428571
AT5G37770,CML24,Guard,0.06831374019384384,4.49438202247191
AT5G37770,CML24,ALL,0.0736675038933754,3.930870891223314
AT3G43810,CaM7,Epidermal,0.070554219186306,3.4991940934851558
AT3G43810,CaM7,Mesophyll,0.08120238035917282,4.434189406099518
AT3G43810,CaM7,Stele,0.07246847450733185,3.75
AT3G43810,CaM7,Meristematic,0.08266609162092209,5.035714285714286
AT3G43810,CaM7,Guard,0.046647679060697556,2.247191011235955
AT3G43810,CaM7,ALL,0.07537373155355453,3.9647577092511015
AT3G56800,CaM3,Epidermal,0.08070028573274612,3.9099464462122397
AT3G56800,CaM3,Mesophyll,0.09888717532157898,5.350454788657036
AT3G56800,CaM3,Stele,0.06642089039087296,3.3962264150943398
AT3G56800,CaM3,Meristematic,0.0888563022017479,5.321428571428571
AT3G56800,CaM3,Guard,0.10618848353624344,5.617977528089887
AT3G56800,CaM3,ALL,0.08642451465129852,4.477900953671879
AT4G23650,CDPK3,Epidermal,0.14362306892871857,7.065980346279832
AT4G23650,CDPK3,Mesophyll,0.14250141382217407,7.825040128410915
AT4G23650,CDPK3,Stele,0.13662101328372955,7.099056603773585
AT4G23650,CDPK3,Meristematic,0.15638060867786407,9.107142857142856
AT4G23650,CDPK3,Guard,0.08636882156133652,5.617977528089887
AT4G23650,CDPK3,ALL,0.1432398110628128,7.47930483613303
AT4G09570,CDPK4,Epidermal,0.07186681032180786,3.545988665314823
AT4G09570,CDPK4,Mesophyll,0.04892474040389061,2.6417870518994113
AT4G09570,CDPK4,Stele,0.04930735379457474,2.5943396226415096
AT4G09570,CDPK4,Meristematic,0.06620744615793228,4.071428571428572
AT4G09570,CDPK4,Guard,0.030369935557246208,2.247191011235955
AT4G09570,CDPK4,ALL,0.06077561527490616,3.153894563586194
AT3G51860,CAX3,Epidermal,0.05647614598274231,2.6724899911610254
AT3G51860,CAX3,Mesophyll,0.03470761328935623,1.9127875869448905
AT3G51860,CAX3,Stele,0.039557233452796936,2.1226415094339623
AT3G51860,CAX3,Meristematic,0.06892868876457214,3.8214285714285716
AT3G51860,CAX3,Guard,0.017193632200360298,1.1235955056179776
AT3G51860,CAX3,ALL,0.04762083664536476,2.4156460279808294
AT1G08090,NRT2.1,Epidermal,0.004715626128017902,0.21837466853844956
AT1G08090,NRT2.1,Mesophyll,0.003113950602710247,0.18726591760299627
AT1G08090,NRT2.1,Stele,0.003094607964158058,0.16509433962264153
AT1G08090,NRT2.1,Meristematic,0.0034931874834001064,0.2142857142857143
AT1G08090,NRT2.1,Guard,0.0,0.0
AT1G08090,NRT2.1,ALL,0.0038765911012887955,0.20090042116473836
AT2G01980,SOS1,Epidermal,0.16285033524036407,8.001871782873186
AT2G01980,SOS1,Mesophyll,0.1308421790599823,7.082664526484751
AT2G01980,SOS1,Stele,0.1584176868200302,8.254716981132075
AT2G01980,SOS1,Meristematic,0.14890719950199127,8.714285714285715
AT2G01980,SOS1,Guard,0.2584758996963501,13.48314606741573
AT2G01980,SOS1,ALL,0.15007233619689941,7.755240354359297
AT1G35720,ANNAT1,Epidermal,0.12608620524406433,5.750532938179171
AT1G35720,ANNAT1,Mesophyll,0.12707582116127014,6.8151417870519
AT1G35720,ANNAT1,Stele,0.10059107840061188,5.235849056603774
AT1G35720,ANNAT1,Meristematic,0.12868520617485046,7.214285714285714
AT1G35720,ANNAT1,Guard,0.02934221923351288,2.247191011235955
AT1G35720,ANNAT1,ALL,0.12379556894302368,6.174662342063223
AT2G26650,AKT1,Epidermal,0.36667802929878235,16.66926636510165
AT2G26650,AKT1,Mesophyll,0.19718608260154724,10.767790262172285
AT2G26650,AKT1,Stele,0.28767120838165283,14.127358490566039
AT2G26650,AKT1,Meristematic,0.26772353053092957,14.857142857142858
AT2G26650,AKT1,Guard,0.19150637090206146,11.235955056179774
AT2G26650,AKT1,ALL,0.29014477133750916,14.138064578593212
AT4G22200,AKT2,Epidermal,0.13595516979694366,6.754016534082047
AT4G22200,AKT2,Mesophyll,0.17716218531131744,9.182718031032639
AT4G22200,AKT2,Stele,0.17571957409381866,9.127358490566037
AT4G22200,AKT2,Meristematic,0.1589403599500656,9.642857142857144
AT4G22200,AKT2,Guard,0.14375413954257965,8.98876404494382
AT4G22200,AKT2,ALL,0.15652400255203247,8.077165125623276
AT5G37500,GORK,Epidermal,0.0485919751226902,2.355326782093277
AT5G37500,GORK,Mesophyll,0.022744085639715195,1.3108614232209739
AT5G37500,GORK,Stele,0.031789325177669525,1.509433962264151
AT5G37500,GORK,Meristematic,0.03135472908616066,1.9285714285714284
AT5G37500,GORK,Guard,0.11302903294563293,4.49438202247191
AT5G37500,GORK,ALL,0.03648348152637482,1.8661954785302803
AT5G46240,KAT1,Epidermal,0.11388273537158966,5.2981854104923825
AT5G46240,KAT1,Mesophyll,0.062248386442661285,3.504547886570358
AT5G46240,KAT1,Stele,0.19131417572498322,9.174528301886792
AT5G46240,KAT1,Meristematic,0.08057061582803726,4.857142857142857
AT5G46240,KAT1,Guard,0.18010903894901276,8.98876404494382
AT5G46240,KAT1,ALL,0.10102734714746475,5.024931016120444
AT4G18290,KAT2,Epidermal,0.011669736355543137,0.5771330525659024
AT4G18290,KAT2,Mesophyll,0.011654905043542385,0.6688068485821295
AT4G18290,KAT2,Stele,0.057732969522476196,2.7122641509433962
AT4G18290,KAT2,Meristematic,0.014332935214042664,0.9642857142857142
AT4G18290,KAT2,Guard,0.04180911183357239,2.247191011235955
AT4G18290,KAT2,ALL,0.016637198626995087,0.8592728857046037
AT4G32650,KC1,Epidermal,0.25495073199272156,11.729839338636717
AT4G32650,KC1,Mesophyll,0.1438504308462143,7.9253611556982335
AT4G32650,KC1,Stele,0.15306301414966583,7.877358490566038
AT4G32650,KC1,Meristematic,0.204632967710495,11.821428571428571
AT4G32650,KC1,Guard,0.11550416797399521,6.741573033707865
AT4G32650,KC1,ALL,0.200575053691864,9.953042552161495
AT4G10250,HSP22.0,Epidermal,0.00029250659281387925,0.015598190609889253
AT4G10250,HSP22.0,Mesophyll,0.0,0.0
AT4G10250,HSP22.0,Stele,0.0,0.0
AT4G10250,HSP22.0,Meristematic,0.0,0.0
AT4G10250,HSP22.0,Guard,0.0,0.0
AT4G10250,HSP22.0,ALL,0.00013617124932352453,0.007261461005954399
AT4G01390,TRAF-like,Epidermal,0.010134441778063774,0.4991420995164561
AT4G01390,TRAF-like,Mesophyll,0.011723782867193222,0.6487426431246656
AT4G01390,TRAF-like,Stele,0.03646542876958847,1.7452830188679245
AT4G01390,TRAF-like,Meristematic,0.01255865953862667,0.7857142857142858
AT4G01390,TRAF-like,Guard,0.0,0.0
AT4G01390,TRAF-like,ALL,0.013554421253502369,0.699520743573607
