marker,gene,organ,celltype,mean_expr,pct_expr
SCR,AT3G54220,Root,Epidermal,0.055299758264811066,2.8232725003899546
SCR,AT3G54220,Root,Guard,0.042783394965540726,3.3707865168539324
SCR,AT3G54220,Root,Meristematic,0.054693235249101864,3.571428571428571
SCR,AT3G54220,Root,Mesophyll,0.06546732699036063,3.6383092562867843
SCR,AT3G54220,Root,Stele,0.05135757418961252,2.8537735849056602
PLT1,AT1G79560,Root,Epidermal,0.12467211439020465,6.239276243955701
PLT1,AT1G79560,Root,Guard,0.18343698984974718,10.112359550561797
PLT1,AT1G79560,Root,Meristematic,0.17533502632430226,10.535714285714286
PLT1,AT1G79560,Root,Mesophyll,0.14783541597767663,7.771535580524344
PLT1,AT1G79560,Root,Stele,0.1373467454885282,7.169811320754717
PLT2,AT4G03270,Root,Epidermal,0.015595605508915686,0.8163053085842041
PLT2,AT4G03270,Root,Guard,0.025918377524935643,1.1235955056179776
PLT2,AT4G03270,Root,Meristematic,0.0154911503296518,1.0
PLT2,AT4G03270,Root,Mesophyll,0.009791828778817707,0.5952380952380952
PLT2,AT4G03270,Root,Stele,0.01572704103823705,0.8254716981132075
WOL,AT3G18280,Root,Epidermal,0.009444435749296754,0.4783445120366037
WOL,AT3G18280,Root,Guard,0.0,0.0
WOL,AT3G18280,Root,Meristematic,0.01157668370995636,0.7857142857142858
WOL,AT3G18280,Root,Mesophyll,0.021593747079910332,1.2172284644194757
WOL,AT3G18280,Root,Stele,0.015879966708604903,0.8254716981132075
CPC,AT2G28470,Root,Epidermal,0.43272470946501,19.362553943742526
CPC,AT2G28470,Root,Guard,0.2116479527890411,12.359550561797752
CPC,AT2G28470,Root,Meristematic,0.3966561543295258,21.321428571428573
CPC,AT2G28470,Root,Mesophyll,0.2711089928975188,14.111824505082932
CPC,AT2G28470,Root,Stele,0.33482494509698935,16.43867924528302
LHCB1.1,AT1G01060,Leaf,Epidermal,0.003203467955101876,0.17158009670878177
LHCB1.1,AT1G01060,Leaf,Guard,0.0,0.0
LHCB1.1,AT1G01060,Leaf,Meristematic,0.009961126801490985,0.5714285714285714
LHCB1.1,AT1G01060,Leaf,Mesophyll,0.0036671153529953763,0.19395398608881756
LHCB1.1,AT1G01060,Leaf,Stele,0.003625776596311428,0.18867924528301888
FSD1,AT3G54890,Leaf,Epidermal,1.993147992917435,72.63037487651432
FSD1,AT3G54890,Leaf,Guard,2.3150091943171422,83.14606741573034
FSD1,AT3G54890,Leaf,Meristematic,2.1167219969831192,78.96428571428571
FSD1,AT3G54890,Leaf,Mesophyll,2.558870774864991,84.52380952380952
FSD1,AT3G54890,Leaf,Stele,2.2068762728931697,79.22169811320755
RBCS,AT2G34420,Leaf,Epidermal,3.167452044188702,93.37596838766703
RBCS,AT2G34420,Leaf,Guard,3.4577814726184424,97.75280898876404
RBCS,AT2G34420,Leaf,Meristematic,3.2263064120123235,94.32142857142857
RBCS,AT2G34420,Leaf,Mesophyll,3.576821002995333,96.61583734617443
RBCS,AT2G34420,Leaf,Stele,3.329049369580415,95.56603773584905
COR15A,AT5G38420,Leaf,Epidermal,0.8086603978273655,35.475484843758124
COR15A,AT5G38420,Leaf,Guard,1.1735172785328627,53.93258426966292
COR15A,AT5G38420,Leaf,Meristematic,0.9092364558453869,43.785714285714285
COR15A,AT5G38420,Leaf,Mesophyll,1.2896256181772519,53.4242910647405
COR15A,AT5G38420,Leaf,Stele,0.9542125932677901,42.617924528301884
ATHB-1,AT5G57390,Hypocotyl,Epidermal,0.009360478988953933,0.4627463214267145
ATHB-1,AT5G57390,Hypocotyl,Guard,0.020150877337050455,1.1235955056179776
ATHB-1,AT5G57390,Hypocotyl,Meristematic,0.03192933284941699,1.7857142857142856
ATHB-1,AT5G57390,Hypocotyl,Mesophyll,0.009690128294242753,0.5818619582664527
ATHB-1,AT5G57390,Hypocotyl,Stele,0.013275890544153422,0.6603773584905661
ATHB-7,AT2G18380,Hypocotyl,Epidermal,0.0030026325534863543,0.14038371548900327
ATHB-7,AT2G18380,Hypocotyl,Guard,0.0,0.0
ATHB-7,AT2G18380,Hypocotyl,Meristematic,0.0035684950338760527,0.2142857142857143
ATHB-7,AT2G18380,Hypocotyl,Mesophyll,0.0032863160684365794,0.18057784911717495
ATHB-7,AT2G18380,Hypocotyl,Stele,0.004736804696615718,0.25943396226415094
LEC2,AT3G15670,Seed,Epidermal,8.477971823016768e-05,0.0051993968699630844
LEC2,AT3G15670,Seed,Guard,0.0,0.0
LEC2,AT3G15670,Seed,Meristematic,0.005561243665917491,0.25
LEC2,AT3G15670,Seed,Mesophyll,0.00024173052632518445,0.013376136971642588
LEC2,AT3G15670,Seed,Stele,0.0,0.0
2S3,AT2G41730,Seed,Epidermal,0.008259126339704338,0.4003535589871575
2S3,AT2G41730,Seed,Guard,0.0,0.0
2S3,AT2G41730,Seed,Meristematic,0.011633160887426872,0.6428571428571428
2S3,AT2G41730,Seed,Mesophyll,0.004895825545703039,0.3009630818619583
2S3,AT2G41730,Seed,Stele,0.004645078811106927,0.2830188679245283
KAT1_gc,AT5G60900,Guard,Epidermal,0.005696199786429266,0.2651692403681173
KAT1_gc,AT5G60900,Guard,Guard,0.0,0.0
KAT1_gc,AT5G60900,Guard,Meristematic,0.005243563594985736,0.2857142857142857
KAT1_gc,AT5G60900,Guard,Mesophyll,0.007814665700429296,0.40128410914927765
KAT1_gc,AT5G60900,Guard,Stele,0.00688130287560438,0.3537735849056604
MYB60,AT3G15730,Guard,Epidermal,0.4651939835621642,21.587895804086727
MYB60,AT3G15730,Guard,Guard,0.43309585540756534,24.719101123595504
MYB60,AT3G15730,Guard,Meristematic,0.4749179910325934,26.142857142857146
MYB60,AT3G15730,Guard,Mesophyll,0.4012356184238657,20.498929909042268
MYB60,AT3G15730,Guard,Stele,0.4354072548228293,21.25
